<?xml version="1.0" encoding="UTF-8" standalone="no"?>
<DIAGRAMA ID="1" TIPO="tpConceitual" UniversalUnicID="CEFB-4E-1866-2F-84F2-49-35">
<InfoDiagrama ID="1">
<Versao Valor="3.2.0"/>
<Autores/>
<Observacao/>
<Width Valor="4096"/>
<Height Valor="4096"/>
<Alinhamento_v Valor="50"/>
<Alinhamento_h Valor="60"/>
<Zoom Valor="75"/>
<Fonte Estilo="1" Nome="Arial" Tamanho="12"/>
<Localizacao Left="277" Top="157"/>
<Realce Valor="false"/>
</InfoDiagrama>
<Entidade ID="2">
<Bounds Height="58" Left="631" Top="111" Width="120"/>
<DisablePainted Valor="false"/>
<Texto>Usuarios</Texto>
<Observacao/>
<Dicionario/>
<Fonte Estilo="1" Nome="Arial" Tamanho="12"/>
<Ancorado Valor="false"/>
<AtributosOcultos Valor=""/>
</Entidade>
<Entidade ID="3">
<Bounds Height="58" Left="945" Top="57" Width="120"/>
<DisablePainted Valor="false"/>
<Texto>Logins</Texto>
<Observacao/>
<Dicionario/>
<Fonte Estilo="1" Nome="Arial" Tamanho="12"/>
<Ancorado Valor="false"/>
<AtributosOcultos Valor=""/>
</Entidade>
<Entidade ID="6">
<Bounds Height="58" Left="356" Top="379" Width="120"/>
<DisablePainted Valor="false"/>
<Texto>Produtos</Texto>
<Observacao/>
<Dicionario/>
<Fonte Estilo="1" Nome="Arial" Tamanho="12"/>
<Ancorado Valor="false"/>
<AtributosOcultos Valor=""/>
</Entidade>
<Entidade ID="7">
<Bounds Height="58" Left="357" Top="563" Width="120"/>
<DisablePainted Valor="false"/>
<Texto>Historico_Precos</Texto>
<Observacao/>
<Dicionario/>
<Fonte Estilo="1" Nome="Arial" Tamanho="12"/>
<Ancorado Valor="false"/>
<AtributosOcultos Valor=""/>
</Entidade>
<Entidade ID="9">
<Bounds Height="58" Left="797" Top="305" Width="120"/>
<DisablePainted Valor="false"/>
<Texto>Compras</Texto>
<Observacao/>
<Dicionario/>
<Fonte Estilo="1" Nome="Arial" Tamanho="12"/>
<Ancorado Valor="false"/>
<AtributosOcultos Valor=""/>
</Entidade>
<Entidade ID="11">
<Bounds Height="58" Left="1170" Top="309" Width="120"/>
<DisablePainted Valor="false"/>
<Texto>Fornecedores</Texto>
<Observacao/>
<Dicionario/>
<Fonte Estilo="1" Nome="Arial" Tamanho="12"/>
<Ancorado Valor="false"/>
<AtributosOcultos Valor=""/>
</Entidade>
<Entidade ID="13">
<Bounds Height="58" Left="785" Top="492" Width="140"/>
<DisablePainted Valor="false"/>
<Texto>Produtos_Comprados</Texto>
<Observacao/>
<Dicionario/>
<Fonte Estilo="1" Nome="Arial" Tamanho="12"/>
<Ancorado Valor="false"/>
<AtributosOcultos Valor=""/>
</Entidade>
<Entidade ID="15">
<Bounds Height="58" Left="490" Top="991" Width="120"/>
<DisablePainted Valor="false"/>
<Texto>Vendas</Texto>
<Observacao/>
<Dicionario/>
<Fonte Estilo="1" Nome="Arial" Tamanho="12"/>
<Ancorado Valor="false"/>
<AtributosOcultos Valor=""/>
</Entidade>
<Entidade ID="16">
<Bounds Height="58" Left="657" Top="712" Width="144"/>
<DisablePainted Valor="false"/>
<Texto>Produtos_Vendidos</Texto>
<Observacao/>
<Dicionario/>
<Fonte Estilo="1" Nome="Arial" Tamanho="12"/>
<Ancorado Valor="false"/>
<AtributosOcultos Valor=""/>
</Entidade>
<Entidade ID="17">
<Bounds Height="58" Left="883" Top="1101" Width="120"/>
<DisablePainted Valor="false"/>
<Texto>Clientes</Texto>
<Observacao/>
<Dicionario/>
<Fonte Estilo="1" Nome="Arial" Tamanho="12"/>
<Ancorado Valor="false"/>
<AtributosOcultos Valor=""/>
</Entidade>
<Atributo ID="22">
<Bounds Height="14" Left="704" Top="69" Width="34"/>
<DisablePainted Valor="false"/>
<Texto>Id</Texto>
<Observacao/>
<Dicionario/>
<Fonte Estilo="1" Nome="Arial" Tamanho="12"/>
<Ancorado Valor="false"/>
<DirecaoFromInspector Valor="1"/>
<Autosize Valor="true"/>
<Identificador Valor="true"/>
<Opcional Valor="false"/>
<Multivalorado Valor="false"/>
<CardMinFromString Valor="1"/>
<CardMaxFromString Valor="n"/>
<TipoAtributo Valor=""/>
</Atributo>
<Ligacao ID="23">
<DisablePainted Valor="false"/>
<Tag LinhaMestre="-1"/>
<Dashed Valor="false"/>
<Ancorado Valor="false"/>
<TemSetaPontaA Valor="false"/>
<TemSetaPontaB Valor="false"/>
<SetaAberta Valor="true"/>
<SetaLargura Valor="10"/>
<Inteligente Valor="true"/>
<Largura Valor="1"/>
<Ligacoes PontaA="22" PontaB="2"/>
<Pontos>
<Ponto Left="736" Top="73"/>
<Ponto Left="745" Top="73"/>
<Ponto Left="745" Top="94"/>
<Ponto Left="689" Top="94"/>
<Ponto Left="689" Top="107"/>
</Pontos>
</Ligacao>
<Atributo ID="37">
<Bounds Height="14" Left="499" Top="116" Width="58"/>
<DisablePainted Valor="false"/>
<Texto>Login</Texto>
<Observacao/>
<Dicionario/>
<Fonte Estilo="1" Nome="Arial" Tamanho="12"/>
<Ancorado Valor="false"/>
<DirecaoFromInspector Valor="1"/>
<Autosize Valor="true"/>
<Identificador Valor="false"/>
<Opcional Valor="false"/>
<Multivalorado Valor="false"/>
<CardMinFromString Valor="1"/>
<CardMaxFromString Valor="n"/>
<TipoAtributo Valor=""/>
</Atributo>
<Ligacao ID="38">
<DisablePainted Valor="false"/>
<Tag LinhaMestre="-1"/>
<Dashed Valor="false"/>
<Ancorado Valor="false"/>
<TemSetaPontaA Valor="false"/>
<TemSetaPontaB Valor="false"/>
<SetaAberta Valor="true"/>
<SetaLargura Valor="10"/>
<Inteligente Valor="true"/>
<Largura Valor="1"/>
<Ligacoes PontaA="2" PontaB="37"/>
<Pontos>
<Ponto Left="627" Top="120"/>
<Ponto Left="591" Top="120"/>
<Ponto Left="591" Top="120"/>
<Ponto Left="555" Top="120"/>
</Pontos>
</Ligacao>
<Atributo ID="39">
<Bounds Height="14" Left="498" Top="139" Width="57"/>
<DisablePainted Valor="false"/>
<Texto>Nome</Texto>
<Observacao/>
<Dicionario/>
<Fonte Estilo="1" Nome="Arial" Tamanho="12"/>
<Ancorado Valor="false"/>
<DirecaoFromInspector Valor="1"/>
<Autosize Valor="true"/>
<Identificador Valor="false"/>
<Opcional Valor="false"/>
<Multivalorado Valor="false"/>
<CardMinFromString Valor="1"/>
<CardMaxFromString Valor="n"/>
<TipoAtributo Valor=""/>
</Atributo>
<Ligacao ID="40">
<DisablePainted Valor="false"/>
<Tag LinhaMestre="-1"/>
<Dashed Valor="false"/>
<Ancorado Valor="false"/>
<TemSetaPontaA Valor="false"/>
<TemSetaPontaB Valor="false"/>
<SetaAberta Valor="true"/>
<SetaLargura Valor="10"/>
<Inteligente Valor="true"/>
<Largura Valor="1"/>
<Ligacoes PontaA="2" PontaB="39"/>
<Pontos>
<Ponto Left="627" Top="135"/>
<Ponto Left="590" Top="135"/>
<Ponto Left="590" Top="143"/>
<Ponto Left="553" Top="143"/>
</Pontos>
</Ligacao>
<Atributo ID="43">
<Bounds Height="14" Left="495" Top="160" Width="59"/>
<DisablePainted Valor="false"/>
<Texto>Senha</Texto>
<Observacao/>
<Dicionario/>
<Fonte Estilo="1" Nome="Arial" Tamanho="12"/>
<Ancorado Valor="false"/>
<DirecaoFromInspector Valor="1"/>
<Autosize Valor="true"/>
<Identificador Valor="false"/>
<Opcional Valor="false"/>
<Multivalorado Valor="false"/>
<CardMinFromString Valor="1"/>
<CardMaxFromString Valor="n"/>
<TipoAtributo Valor=""/>
</Atributo>
<Ligacao ID="44">
<DisablePainted Valor="false"/>
<Tag LinhaMestre="-1"/>
<Dashed Valor="false"/>
<Ancorado Valor="false"/>
<TemSetaPontaA Valor="false"/>
<TemSetaPontaB Valor="false"/>
<SetaAberta Valor="true"/>
<SetaLargura Valor="10"/>
<Inteligente Valor="true"/>
<Largura Valor="1"/>
<Ligacoes PontaA="2" PontaB="43"/>
<Pontos>
<Ponto Left="627" Top="154"/>
<Ponto Left="589" Top="154"/>
<Ponto Left="589" Top="164"/>
<Ponto Left="552" Top="164"/>
</Pontos>
</Ligacao>
<Atributo ID="45">
<Bounds Height="14" Left="964" Top="29" Width="34"/>
<DisablePainted Valor="false"/>
<Texto>Id</Texto>
<Observacao/>
<Dicionario/>
<Fonte Estilo="1" Nome="Arial" Tamanho="12"/>
<Ancorado Valor="false"/>
<DirecaoFromInspector Valor="0"/>
<Autosize Valor="true"/>
<Identificador Valor="true"/>
<Opcional Valor="false"/>
<Multivalorado Valor="false"/>
<CardMinFromString Valor="1"/>
<CardMaxFromString Valor="n"/>
<TipoAtributo Valor=""/>
</Atributo>
<Ligacao ID="46">
<DisablePainted Valor="false"/>
<Tag LinhaMestre="-1"/>
<Dashed Valor="false"/>
<Ancorado Valor="false"/>
<TemSetaPontaA Valor="false"/>
<TemSetaPontaB Valor="false"/>
<SetaAberta Valor="true"/>
<SetaLargura Valor="10"/>
<Inteligente Valor="true"/>
<Largura Valor="1"/>
<Ligacoes PontaA="45" PontaB="3"/>
<Pontos>
<Ponto Left="960" Top="33"/>
<Ponto Left="951" Top="33"/>
<Ponto Left="951" Top="47"/>
<Ponto Left="996" Top="47"/>
<Ponto Left="996" Top="53"/>
</Pontos>
</Ligacao>
<Atributo ID="50">
<Bounds Height="14" Left="1125" Top="63" Width="89"/>
<DisablePainted Valor="false"/>
<Texto>Id_Usuario</Texto>
<Observacao/>
<Dicionario/>
<Fonte Estilo="1" Nome="Arial" Tamanho="12"/>
<Ancorado Valor="false"/>
<DirecaoFromInspector Valor="0"/>
<Autosize Valor="true"/>
<Identificador Valor="false"/>
<Opcional Valor="false"/>
<Multivalorado Valor="false"/>
<CardMinFromString Valor="1"/>
<CardMaxFromString Valor="n"/>
<TipoAtributo Valor=""/>
</Atributo>
<Ligacao ID="51">
<DisablePainted Valor="false"/>
<Tag LinhaMestre="-1"/>
<Dashed Valor="false"/>
<Ancorado Valor="false"/>
<TemSetaPontaA Valor="false"/>
<TemSetaPontaB Valor="false"/>
<SetaAberta Valor="true"/>
<SetaLargura Valor="10"/>
<Inteligente Valor="true"/>
<Largura Valor="1"/>
<Ligacoes PontaA="50" PontaB="3"/>
<Pontos>
<Ponto Left="1121" Top="67"/>
<Ponto Left="1092" Top="67"/>
<Ponto Left="1092" Top="67"/>
<Ponto Left="1062" Top="67"/>
</Pontos>
</Ligacao>
<Atributo ID="53">
<Bounds Height="14" Left="1125" Top="83" Width="49"/>
<DisablePainted Valor="false"/>
<Texto>Data</Texto>
<Observacao/>
<Dicionario/>
<Fonte Estilo="1" Nome="Arial" Tamanho="12"/>
<Ancorado Valor="false"/>
<DirecaoFromInspector Valor="0"/>
<Autosize Valor="true"/>
<Identificador Valor="false"/>
<Opcional Valor="false"/>
<Multivalorado Valor="false"/>
<CardMinFromString Valor="1"/>
<CardMaxFromString Valor="n"/>
<TipoAtributo Valor=""/>
</Atributo>
<Ligacao ID="54">
<DisablePainted Valor="false"/>
<Tag LinhaMestre="-1"/>
<Dashed Valor="false"/>
<Ancorado Valor="false"/>
<TemSetaPontaA Valor="false"/>
<TemSetaPontaB Valor="false"/>
<SetaAberta Valor="true"/>
<SetaLargura Valor="10"/>
<Inteligente Valor="true"/>
<Largura Valor="1"/>
<Ligacoes PontaA="53" PontaB="3"/>
<Pontos>
<Ponto Left="1121" Top="87"/>
<Ponto Left="1092" Top="87"/>
<Ponto Left="1092" Top="82"/>
<Ponto Left="1062" Top="82"/>
</Pontos>
</Ligacao>
<Atributo ID="56">
<Bounds Height="14" Left="1126" Top="100" Width="51"/>
<DisablePainted Valor="false"/>
<Texto>Hora</Texto>
<Observacao/>
<Dicionario/>
<Fonte Estilo="1" Nome="Arial" Tamanho="12"/>
<Ancorado Valor="false"/>
<DirecaoFromInspector Valor="0"/>
<Autosize Valor="true"/>
<Identificador Valor="false"/>
<Opcional Valor="false"/>
<Multivalorado Valor="false"/>
<CardMinFromString Valor="1"/>
<CardMaxFromString Valor="n"/>
<TipoAtributo Valor=""/>
</Atributo>
<Ligacao ID="57">
<DisablePainted Valor="false"/>
<Tag LinhaMestre="-1"/>
<Dashed Valor="false"/>
<Ancorado Valor="false"/>
<TemSetaPontaA Valor="false"/>
<TemSetaPontaB Valor="false"/>
<SetaAberta Valor="true"/>
<SetaLargura Valor="10"/>
<Inteligente Valor="true"/>
<Largura Valor="1"/>
<Ligacoes PontaA="56" PontaB="3"/>
<Pontos>
<Ponto Left="1122" Top="104"/>
<Ponto Left="1092" Top="104"/>
<Ponto Left="1092" Top="122"/>
<Ponto Left="1054" Top="122"/>
<Ponto Left="1054" Top="112"/>
</Pontos>
</Ligacao>
<Atributo ID="76">
<Bounds Height="14" Left="503" Top="360" Width="34"/>
<DisablePainted Valor="false"/>
<Texto>Id</Texto>
<Observacao/>
<Dicionario/>
<Fonte Estilo="1" Nome="Arial" Tamanho="12"/>
<Ancorado Valor="false"/>
<DirecaoFromInspector Valor="0"/>
<Autosize Valor="true"/>
<Identificador Valor="true"/>
<Opcional Valor="false"/>
<Multivalorado Valor="false"/>
<CardMinFromString Valor="1"/>
<CardMaxFromString Valor="n"/>
<TipoAtributo Valor=""/>
</Atributo>
<Ligacao ID="77">
<DisablePainted Valor="false"/>
<Tag LinhaMestre="-1"/>
<Dashed Valor="false"/>
<Ancorado Valor="false"/>
<TemSetaPontaA Valor="false"/>
<TemSetaPontaB Valor="false"/>
<SetaAberta Valor="true"/>
<SetaLargura Valor="10"/>
<Inteligente Valor="true"/>
<Largura Valor="1"/>
<Ligacoes PontaA="76" PontaB="6"/>
<Pontos>
<Ponto Left="499" Top="364"/>
<Ponto Left="486" Top="364"/>
<Ponto Left="486" Top="392"/>
<Ponto Left="473" Top="392"/>
</Pontos>
</Ligacao>
<Atributo ID="79">
<Bounds Height="14" Left="512" Top="382" Width="57"/>
<DisablePainted Valor="false"/>
<Texto>Nome</Texto>
<Observacao/>
<Dicionario/>
<Fonte Estilo="1" Nome="Arial" Tamanho="12"/>
<Ancorado Valor="false"/>
<DirecaoFromInspector Valor="0"/>
<Autosize Valor="true"/>
<Identificador Valor="false"/>
<Opcional Valor="false"/>
<Multivalorado Valor="false"/>
<CardMinFromString Valor="1"/>
<CardMaxFromString Valor="n"/>
<TipoAtributo Valor=""/>
</Atributo>
<Ligacao ID="80">
<DisablePainted Valor="false"/>
<Tag LinhaMestre="-1"/>
<Dashed Valor="false"/>
<Ancorado Valor="false"/>
<TemSetaPontaA Valor="false"/>
<TemSetaPontaB Valor="false"/>
<SetaAberta Valor="true"/>
<SetaLargura Valor="10"/>
<Inteligente Valor="true"/>
<Largura Valor="1"/>
<Ligacoes PontaA="79" PontaB="6"/>
<Pontos>
<Ponto Left="508" Top="386"/>
<Ponto Left="491" Top="386"/>
<Ponto Left="491" Top="403"/>
<Ponto Left="473" Top="403"/>
</Pontos>
</Ligacao>
<Atributo ID="82">
<Bounds Height="14" Left="518" Top="430" Width="91"/>
<DisablePainted Valor="false"/>
<Texto>Quantidade</Texto>
<Observacao/>
<Dicionario/>
<Fonte Estilo="1" Nome="Arial" Tamanho="12"/>
<Ancorado Valor="false"/>
<DirecaoFromInspector Valor="0"/>
<Autosize Valor="true"/>
<Identificador Valor="false"/>
<Opcional Valor="false"/>
<Multivalorado Valor="false"/>
<CardMinFromString Valor="1"/>
<CardMaxFromString Valor="n"/>
<TipoAtributo Valor=""/>
</Atributo>
<Ligacao ID="83">
<DisablePainted Valor="false"/>
<Tag LinhaMestre="-1"/>
<Dashed Valor="false"/>
<Ancorado Valor="false"/>
<TemSetaPontaA Valor="false"/>
<TemSetaPontaB Valor="false"/>
<SetaAberta Valor="true"/>
<SetaLargura Valor="10"/>
<Inteligente Valor="true"/>
<Largura Valor="1"/>
<Ligacoes PontaA="82" PontaB="6"/>
<Pontos>
<Ponto Left="514" Top="434"/>
<Ponto Left="494" Top="434"/>
<Ponto Left="494" Top="427"/>
<Ponto Left="473" Top="427"/>
</Pontos>
</Ligacao>
<Atributo ID="84">
<Bounds Height="14" Left="517" Top="403" Width="57"/>
<DisablePainted Valor="false"/>
<Texto>Preco</Texto>
<Observacao/>
<Dicionario/>
<Fonte Estilo="1" Nome="Arial" Tamanho="12"/>
<Ancorado Valor="false"/>
<DirecaoFromInspector Valor="0"/>
<Autosize Valor="true"/>
<Identificador Valor="false"/>
<Opcional Valor="false"/>
<Multivalorado Valor="false"/>
<CardMinFromString Valor="1"/>
<CardMaxFromString Valor="n"/>
<TipoAtributo Valor=""/>
</Atributo>
<Ligacao ID="85">
<DisablePainted Valor="false"/>
<Tag LinhaMestre="-1"/>
<Dashed Valor="false"/>
<Ancorado Valor="false"/>
<TemSetaPontaA Valor="false"/>
<TemSetaPontaB Valor="false"/>
<SetaAberta Valor="true"/>
<SetaLargura Valor="10"/>
<Inteligente Valor="true"/>
<Largura Valor="1"/>
<Ligacoes PontaA="84" PontaB="6"/>
<Pontos>
<Ponto Left="513" Top="407"/>
<Ponto Left="493" Top="407"/>
<Ponto Left="493" Top="411"/>
<Ponto Left="473" Top="411"/>
</Pontos>
</Ligacao>
<Atributo ID="92">
<Bounds Height="14" Left="497" Top="585" Width="101"/>
<DisablePainted Valor="false"/>
<Texto>Preco_Venda</Texto>
<Observacao/>
<Dicionario/>
<Fonte Estilo="1" Nome="Arial" Tamanho="12"/>
<Ancorado Valor="false"/>
<DirecaoFromInspector Valor="0"/>
<Autosize Valor="true"/>
<Identificador Valor="false"/>
<Opcional Valor="false"/>
<Multivalorado Valor="false"/>
<CardMinFromString Valor="1"/>
<CardMaxFromString Valor="n"/>
<TipoAtributo Valor=""/>
</Atributo>
<Ligacao ID="93">
<DisablePainted Valor="false"/>
<Tag LinhaMestre="-1"/>
<Dashed Valor="false"/>
<Ancorado Valor="false"/>
<TemSetaPontaA Valor="false"/>
<TemSetaPontaB Valor="false"/>
<SetaAberta Valor="true"/>
<SetaLargura Valor="10"/>
<Inteligente Valor="true"/>
<Largura Valor="1"/>
<Ligacoes PontaA="92" PontaB="7"/>
<Pontos>
<Ponto Left="493" Top="589"/>
<Ponto Left="484" Top="589"/>
<Ponto Left="484" Top="582"/>
<Ponto Left="474" Top="582"/>
</Pontos>
</Ligacao>
<Atributo ID="94">
<Bounds Height="14" Left="498" Top="564" Width="90"/>
<DisablePainted Valor="false"/>
<Texto>Id_Produto</Texto>
<Observacao/>
<Dicionario/>
<Fonte Estilo="1" Nome="Arial" Tamanho="12"/>
<Ancorado Valor="false"/>
<DirecaoFromInspector Valor="0"/>
<Autosize Valor="true"/>
<Identificador Valor="false"/>
<Opcional Valor="false"/>
<Multivalorado Valor="false"/>
<CardMinFromString Valor="1"/>
<CardMaxFromString Valor="n"/>
<TipoAtributo Valor=""/>
</Atributo>
<Ligacao ID="95">
<DisablePainted Valor="false"/>
<Tag LinhaMestre="-1"/>
<Dashed Valor="false"/>
<Ancorado Valor="false"/>
<TemSetaPontaA Valor="false"/>
<TemSetaPontaB Valor="false"/>
<SetaAberta Valor="true"/>
<SetaLargura Valor="10"/>
<Inteligente Valor="true"/>
<Largura Valor="1"/>
<Ligacoes PontaA="94" PontaB="7"/>
<Pontos>
<Ponto Left="494" Top="568"/>
<Ponto Left="484" Top="568"/>
<Ponto Left="484" Top="572"/>
<Ponto Left="474" Top="572"/>
</Pontos>
</Ligacao>
<Atributo ID="96">
<Bounds Height="14" Left="498" Top="604" Width="90"/>
<DisablePainted Valor="false"/>
<Texto>Data_Inicio</Texto>
<Observacao/>
<Dicionario/>
<Fonte Estilo="1" Nome="Arial" Tamanho="12"/>
<Ancorado Valor="false"/>
<DirecaoFromInspector Valor="0"/>
<Autosize Valor="true"/>
<Identificador Valor="false"/>
<Opcional Valor="false"/>
<Multivalorado Valor="false"/>
<CardMinFromString Valor="1"/>
<CardMaxFromString Valor="n"/>
<TipoAtributo Valor=""/>
</Atributo>
<Ligacao ID="97">
<DisablePainted Valor="false"/>
<Tag LinhaMestre="-1"/>
<Dashed Valor="false"/>
<Ancorado Valor="false"/>
<TemSetaPontaA Valor="false"/>
<TemSetaPontaB Valor="false"/>
<SetaAberta Valor="true"/>
<SetaLargura Valor="10"/>
<Inteligente Valor="true"/>
<Largura Valor="1"/>
<Ligacoes PontaA="96" PontaB="7"/>
<Pontos>
<Ponto Left="494" Top="608"/>
<Ponto Left="484" Top="608"/>
<Ponto Left="484" Top="604"/>
<Ponto Left="474" Top="604"/>
</Pontos>
</Ligacao>
<Atributo ID="98">
<Bounds Height="14" Left="496" Top="622" Width="78"/>
<DisablePainted Valor="false"/>
<Texto>Data_Fim</Texto>
<Observacao/>
<Dicionario/>
<Fonte Estilo="1" Nome="Arial" Tamanho="12"/>
<Ancorado Valor="false"/>
<DirecaoFromInspector Valor="0"/>
<Autosize Valor="true"/>
<Identificador Valor="false"/>
<Opcional Valor="false"/>
<Multivalorado Valor="false"/>
<CardMinFromString Valor="1"/>
<CardMaxFromString Valor="n"/>
<TipoAtributo Valor=""/>
</Atributo>
<Ligacao ID="99">
<DisablePainted Valor="false"/>
<Tag LinhaMestre="-1"/>
<Dashed Valor="false"/>
<Ancorado Valor="false"/>
<TemSetaPontaA Valor="false"/>
<TemSetaPontaB Valor="false"/>
<SetaAberta Valor="true"/>
<SetaLargura Valor="10"/>
<Inteligente Valor="true"/>
<Largura Valor="1"/>
<Ligacoes PontaA="98" PontaB="7"/>
<Pontos>
<Ponto Left="492" Top="626"/>
<Ponto Left="450" Top="626"/>
<Ponto Left="450" Top="618"/>
</Pontos>
</Ligacao>
<Atributo ID="103">
<Bounds Height="14" Left="934" Top="305" Width="49"/>
<DisablePainted Valor="false"/>
<Texto>Data</Texto>
<Observacao/>
<Dicionario/>
<Fonte Estilo="1" Nome="Arial" Tamanho="12"/>
<Ancorado Valor="false"/>
<DirecaoFromInspector Valor="0"/>
<Autosize Valor="true"/>
<Identificador Valor="false"/>
<Opcional Valor="false"/>
<Multivalorado Valor="false"/>
<CardMinFromString Valor="1"/>
<CardMaxFromString Valor="n"/>
<TipoAtributo Valor=""/>
</Atributo>
<Ligacao ID="104">
<DisablePainted Valor="false"/>
<Tag LinhaMestre="-1"/>
<Dashed Valor="false"/>
<Ancorado Valor="false"/>
<TemSetaPontaA Valor="false"/>
<TemSetaPontaB Valor="false"/>
<SetaAberta Valor="true"/>
<SetaLargura Valor="10"/>
<Inteligente Valor="true"/>
<Largura Valor="1"/>
<Ligacoes PontaA="103" PontaB="9"/>
<Pontos>
<Ponto Left="930" Top="309"/>
<Ponto Left="922" Top="309"/>
<Ponto Left="922" Top="313"/>
<Ponto Left="914" Top="313"/>
</Pontos>
</Ligacao>
<Atributo ID="105">
<Bounds Height="14" Left="923" Top="281" Width="34"/>
<DisablePainted Valor="false"/>
<Texto>Id</Texto>
<Observacao/>
<Dicionario/>
<Fonte Estilo="1" Nome="Arial" Tamanho="12"/>
<Ancorado Valor="false"/>
<DirecaoFromInspector Valor="0"/>
<Autosize Valor="true"/>
<Identificador Valor="true"/>
<Opcional Valor="false"/>
<Multivalorado Valor="false"/>
<CardMinFromString Valor="1"/>
<CardMaxFromString Valor="n"/>
<TipoAtributo Valor=""/>
</Atributo>
<Ligacao ID="106">
<DisablePainted Valor="false"/>
<Tag LinhaMestre="-1"/>
<Dashed Valor="false"/>
<Ancorado Valor="false"/>
<TemSetaPontaA Valor="false"/>
<TemSetaPontaB Valor="false"/>
<SetaAberta Valor="true"/>
<SetaLargura Valor="10"/>
<Inteligente Valor="true"/>
<Largura Valor="1"/>
<Ligacoes PontaA="105" PontaB="9"/>
<Pontos>
<Ponto Left="919" Top="285"/>
<Ponto Left="917" Top="285"/>
<Ponto Left="917" Top="305"/>
<Ponto Left="914" Top="305"/>
</Pontos>
</Ligacao>
<Atributo ID="108">
<Bounds Height="14" Left="934" Top="323" Width="82"/>
<DisablePainted Valor="false"/>
<Texto>Descricao</Texto>
<Observacao/>
<Dicionario/>
<Fonte Estilo="1" Nome="Arial" Tamanho="12"/>
<Ancorado Valor="false"/>
<DirecaoFromInspector Valor="0"/>
<Autosize Valor="true"/>
<Identificador Valor="false"/>
<Opcional Valor="false"/>
<Multivalorado Valor="false"/>
<CardMinFromString Valor="1"/>
<CardMaxFromString Valor="n"/>
<TipoAtributo Valor=""/>
</Atributo>
<Ligacao ID="109">
<DisablePainted Valor="false"/>
<Tag LinhaMestre="-1"/>
<Dashed Valor="false"/>
<Ancorado Valor="false"/>
<TemSetaPontaA Valor="false"/>
<TemSetaPontaB Valor="false"/>
<SetaAberta Valor="true"/>
<SetaLargura Valor="10"/>
<Inteligente Valor="true"/>
<Largura Valor="1"/>
<Ligacoes PontaA="108" PontaB="9"/>
<Pontos>
<Ponto Left="930" Top="327"/>
<Ponto Left="922" Top="327"/>
<Ponto Left="922" Top="325"/>
<Ponto Left="914" Top="325"/>
</Pontos>
</Ligacao>
<Atributo ID="112">
<Bounds Height="14" Left="951" Top="347" Width="111"/>
<DisablePainted Valor="false"/>
<Texto>Id_Fornecedor</Texto>
<Observacao/>
<Dicionario/>
<Fonte Estilo="1" Nome="Arial" Tamanho="12"/>
<Ancorado Valor="false"/>
<DirecaoFromInspector Valor="0"/>
<Autosize Valor="true"/>
<Identificador Valor="false"/>
<Opcional Valor="false"/>
<Multivalorado Valor="false"/>
<CardMinFromString Valor="1"/>
<CardMaxFromString Valor="n"/>
<TipoAtributo Valor=""/>
</Atributo>
<Ligacao ID="113">
<DisablePainted Valor="false"/>
<Tag LinhaMestre="-1"/>
<Dashed Valor="false"/>
<Ancorado Valor="false"/>
<TemSetaPontaA Valor="false"/>
<TemSetaPontaB Valor="false"/>
<SetaAberta Valor="true"/>
<SetaLargura Valor="10"/>
<Inteligente Valor="true"/>
<Largura Valor="1"/>
<Ligacoes PontaA="112" PontaB="9"/>
<Pontos>
<Ponto Left="947" Top="351"/>
<Ponto Left="931" Top="351"/>
<Ponto Left="931" Top="349"/>
<Ponto Left="914" Top="349"/>
</Pontos>
</Ligacao>
<Atributo ID="115">
<Bounds Height="14" Left="1314" Top="291" Width="34"/>
<DisablePainted Valor="false"/>
<Texto>Id</Texto>
<Observacao/>
<Dicionario/>
<Fonte Estilo="1" Nome="Arial" Tamanho="12"/>
<Ancorado Valor="false"/>
<DirecaoFromInspector Valor="0"/>
<Autosize Valor="true"/>
<Identificador Valor="true"/>
<Opcional Valor="false"/>
<Multivalorado Valor="false"/>
<CardMinFromString Valor="1"/>
<CardMaxFromString Valor="n"/>
<TipoAtributo Valor=""/>
</Atributo>
<Ligacao ID="116">
<DisablePainted Valor="false"/>
<Tag LinhaMestre="-1"/>
<Dashed Valor="false"/>
<Ancorado Valor="false"/>
<TemSetaPontaA Valor="false"/>
<TemSetaPontaB Valor="false"/>
<SetaAberta Valor="true"/>
<SetaLargura Valor="10"/>
<Inteligente Valor="true"/>
<Largura Valor="1"/>
<Ligacoes PontaA="115" PontaB="11"/>
<Pontos>
<Ponto Left="1310" Top="295"/>
<Ponto Left="1299" Top="295"/>
<Ponto Left="1299" Top="313"/>
<Ponto Left="1287" Top="313"/>
</Pontos>
</Ligacao>
<Atributo ID="117">
<Bounds Height="14" Left="1315" Top="314" Width="57"/>
<DisablePainted Valor="false"/>
<Texto>Nome</Texto>
<Observacao/>
<Dicionario/>
<Fonte Estilo="1" Nome="Arial" Tamanho="12"/>
<Ancorado Valor="false"/>
<DirecaoFromInspector Valor="0"/>
<Autosize Valor="true"/>
<Identificador Valor="false"/>
<Opcional Valor="false"/>
<Multivalorado Valor="false"/>
<CardMinFromString Valor="1"/>
<CardMaxFromString Valor="n"/>
<TipoAtributo Valor=""/>
</Atributo>
<Ligacao ID="118">
<DisablePainted Valor="false"/>
<Tag LinhaMestre="-1"/>
<Dashed Valor="false"/>
<Ancorado Valor="false"/>
<TemSetaPontaA Valor="false"/>
<TemSetaPontaB Valor="false"/>
<SetaAberta Valor="true"/>
<SetaLargura Valor="10"/>
<Inteligente Valor="true"/>
<Largura Valor="1"/>
<Ligacoes PontaA="117" PontaB="11"/>
<Pontos>
<Ponto Left="1311" Top="318"/>
<Ponto Left="1299" Top="318"/>
<Ponto Left="1299" Top="321"/>
<Ponto Left="1287" Top="321"/>
</Pontos>
</Ligacao>
<Atributo ID="119">
<Bounds Height="14" Left="1315" Top="337" Width="79"/>
<DisablePainted Valor="false"/>
<Texto>Endereco</Texto>
<Observacao/>
<Dicionario/>
<Fonte Estilo="1" Nome="Arial" Tamanho="12"/>
<Ancorado Valor="false"/>
<DirecaoFromInspector Valor="0"/>
<Autosize Valor="true"/>
<Identificador Valor="false"/>
<Opcional Valor="false"/>
<Multivalorado Valor="false"/>
<CardMinFromString Valor="1"/>
<CardMaxFromString Valor="n"/>
<TipoAtributo Valor=""/>
</Atributo>
<Ligacao ID="120">
<DisablePainted Valor="false"/>
<Tag LinhaMestre="-1"/>
<Dashed Valor="false"/>
<Ancorado Valor="false"/>
<TemSetaPontaA Valor="false"/>
<TemSetaPontaB Valor="false"/>
<SetaAberta Valor="true"/>
<SetaLargura Valor="10"/>
<Inteligente Valor="true"/>
<Largura Valor="1"/>
<Ligacoes PontaA="119" PontaB="11"/>
<Pontos>
<Ponto Left="1311" Top="341"/>
<Ponto Left="1299" Top="341"/>
<Ponto Left="1299" Top="337"/>
<Ponto Left="1287" Top="337"/>
</Pontos>
</Ligacao>
<Atributo ID="122">
<Bounds Height="14" Left="1316" Top="356" Width="55"/>
<DisablePainted Valor="false"/>
<Texto>Email</Texto>
<Observacao/>
<Dicionario/>
<Fonte Estilo="1" Nome="Arial" Tamanho="12"/>
<Ancorado Valor="false"/>
<DirecaoFromInspector Valor="0"/>
<Autosize Valor="true"/>
<Identificador Valor="false"/>
<Opcional Valor="false"/>
<Multivalorado Valor="false"/>
<CardMinFromString Valor="1"/>
<CardMaxFromString Valor="n"/>
<TipoAtributo Valor=""/>
</Atributo>
<Ligacao ID="123">
<DisablePainted Valor="false"/>
<Tag LinhaMestre="-1"/>
<Dashed Valor="false"/>
<Ancorado Valor="false"/>
<TemSetaPontaA Valor="false"/>
<TemSetaPontaB Valor="false"/>
<SetaAberta Valor="true"/>
<SetaLargura Valor="10"/>
<Inteligente Valor="true"/>
<Largura Valor="1"/>
<Ligacoes PontaA="122" PontaB="11"/>
<Pontos>
<Ponto Left="1312" Top="360"/>
<Ponto Left="1300" Top="360"/>
<Ponto Left="1300" Top="357"/>
<Ponto Left="1287" Top="357"/>
</Pontos>
</Ligacao>
<Atributo ID="125">
<Bounds Height="14" Left="951" Top="367" Width="89"/>
<DisablePainted Valor="false"/>
<Texto>Id_Usuario</Texto>
<Observacao/>
<Dicionario/>
<Fonte Estilo="1" Nome="Arial" Tamanho="12"/>
<Ancorado Valor="false"/>
<DirecaoFromInspector Valor="0"/>
<Autosize Valor="true"/>
<Identificador Valor="false"/>
<Opcional Valor="false"/>
<Multivalorado Valor="false"/>
<CardMinFromString Valor="1"/>
<CardMaxFromString Valor="n"/>
<TipoAtributo Valor=""/>
</Atributo>
<Ligacao ID="126">
<DisablePainted Valor="false"/>
<Tag LinhaMestre="-1"/>
<Dashed Valor="false"/>
<Ancorado Valor="false"/>
<TemSetaPontaA Valor="false"/>
<TemSetaPontaB Valor="false"/>
<SetaAberta Valor="true"/>
<SetaLargura Valor="10"/>
<Inteligente Valor="true"/>
<Largura Valor="1"/>
<Ligacoes PontaA="125" PontaB="9"/>
<Pontos>
<Ponto Left="947" Top="371"/>
<Ponto Left="898" Top="371"/>
<Ponto Left="898" Top="360"/>
</Pontos>
</Ligacao>
<Atributo ID="128">
<Bounds Height="14" Left="947" Top="482" Width="85"/>
<DisablePainted Valor="false"/>
<Texto>Sequencia</Texto>
<Observacao/>
<Dicionario/>
<Fonte Estilo="1" Nome="Arial" Tamanho="12"/>
<Ancorado Valor="false"/>
<DirecaoFromInspector Valor="0"/>
<Autosize Valor="true"/>
<Identificador Valor="true"/>
<Opcional Valor="false"/>
<Multivalorado Valor="false"/>
<CardMinFromString Valor="1"/>
<CardMaxFromString Valor="n"/>
<TipoAtributo Valor=""/>
</Atributo>
<Ligacao ID="129">
<DisablePainted Valor="false"/>
<Tag LinhaMestre="-1"/>
<Dashed Valor="false"/>
<Ancorado Valor="false"/>
<TemSetaPontaA Valor="false"/>
<TemSetaPontaB Valor="false"/>
<SetaAberta Valor="true"/>
<SetaLargura Valor="10"/>
<Inteligente Valor="true"/>
<Largura Valor="1"/>
<Ligacoes PontaA="128" PontaB="13"/>
<Pontos>
<Ponto Left="943" Top="486"/>
<Ponto Left="933" Top="486"/>
<Ponto Left="933" Top="503"/>
<Ponto Left="922" Top="503"/>
</Pontos>
</Ligacao>
<Atributo ID="130">
<Bounds Height="14" Left="948" Top="505" Width="91"/>
<DisablePainted Valor="false"/>
<Texto>Quantidade</Texto>
<Observacao/>
<Dicionario/>
<Fonte Estilo="1" Nome="Arial" Tamanho="12"/>
<Ancorado Valor="false"/>
<DirecaoFromInspector Valor="0"/>
<Autosize Valor="true"/>
<Identificador Valor="false"/>
<Opcional Valor="false"/>
<Multivalorado Valor="false"/>
<CardMinFromString Valor="1"/>
<CardMaxFromString Valor="n"/>
<TipoAtributo Valor=""/>
</Atributo>
<Ligacao ID="131">
<DisablePainted Valor="false"/>
<Tag LinhaMestre="-1"/>
<Dashed Valor="false"/>
<Ancorado Valor="false"/>
<TemSetaPontaA Valor="false"/>
<TemSetaPontaB Valor="false"/>
<SetaAberta Valor="true"/>
<SetaLargura Valor="10"/>
<Inteligente Valor="true"/>
<Largura Valor="1"/>
<Ligacoes PontaA="130" PontaB="13"/>
<Pontos>
<Ponto Left="944" Top="509"/>
<Ponto Left="933" Top="509"/>
<Ponto Left="933" Top="506"/>
<Ponto Left="922" Top="506"/>
</Pontos>
</Ligacao>
<Atributo ID="134">
<Bounds Height="14" Left="950" Top="526" Width="57"/>
<DisablePainted Valor="false"/>
<Texto>Preco</Texto>
<Observacao/>
<Dicionario/>
<Fonte Estilo="1" Nome="Arial" Tamanho="12"/>
<Ancorado Valor="false"/>
<DirecaoFromInspector Valor="0"/>
<Autosize Valor="true"/>
<Identificador Valor="false"/>
<Opcional Valor="false"/>
<Multivalorado Valor="false"/>
<CardMinFromString Valor="1"/>
<CardMaxFromString Valor="n"/>
<TipoAtributo Valor=""/>
</Atributo>
<Ligacao ID="135">
<DisablePainted Valor="false"/>
<Tag LinhaMestre="-1"/>
<Dashed Valor="false"/>
<Ancorado Valor="false"/>
<TemSetaPontaA Valor="false"/>
<TemSetaPontaB Valor="false"/>
<SetaAberta Valor="true"/>
<SetaLargura Valor="10"/>
<Inteligente Valor="true"/>
<Largura Valor="1"/>
<Ligacoes PontaA="134" PontaB="13"/>
<Pontos>
<Ponto Left="946" Top="530"/>
<Ponto Left="934" Top="530"/>
<Ponto Left="934" Top="519"/>
<Ponto Left="922" Top="519"/>
</Pontos>
</Ligacao>
<Atributo ID="139">
<Bounds Height="14" Left="951" Top="544" Width="51"/>
<DisablePainted Valor="false"/>
<Texto>Total</Texto>
<Observacao/>
<Dicionario/>
<Fonte Estilo="1" Nome="Arial" Tamanho="12"/>
<Ancorado Valor="false"/>
<DirecaoFromInspector Valor="0"/>
<Autosize Valor="true"/>
<Identificador Valor="false"/>
<Opcional Valor="false"/>
<Multivalorado Valor="false"/>
<CardMinFromString Valor="1"/>
<CardMaxFromString Valor="n"/>
<TipoAtributo Valor=""/>
</Atributo>
<Ligacao ID="140">
<DisablePainted Valor="false"/>
<Tag LinhaMestre="-1"/>
<Dashed Valor="false"/>
<Ancorado Valor="false"/>
<TemSetaPontaA Valor="false"/>
<TemSetaPontaB Valor="false"/>
<SetaAberta Valor="true"/>
<SetaLargura Valor="10"/>
<Inteligente Valor="true"/>
<Largura Valor="1"/>
<Ligacoes PontaA="139" PontaB="13"/>
<Pontos>
<Ponto Left="947" Top="548"/>
<Ponto Left="935" Top="548"/>
<Ponto Left="935" Top="541"/>
<Ponto Left="922" Top="541"/>
</Pontos>
</Ligacao>
<Atributo ID="141">
<Bounds Height="14" Left="891" Top="384" Width="51"/>
<DisablePainted Valor="false"/>
<Texto>Total</Texto>
<Observacao/>
<Dicionario/>
<Fonte Estilo="1" Nome="Arial" Tamanho="12"/>
<Ancorado Valor="false"/>
<DirecaoFromInspector Valor="0"/>
<Autosize Valor="true"/>
<Identificador Valor="false"/>
<Opcional Valor="false"/>
<Multivalorado Valor="false"/>
<CardMinFromString Valor="1"/>
<CardMaxFromString Valor="n"/>
<TipoAtributo Valor=""/>
</Atributo>
<Ligacao ID="142">
<DisablePainted Valor="false"/>
<Tag LinhaMestre="-1"/>
<Dashed Valor="false"/>
<Ancorado Valor="false"/>
<TemSetaPontaA Valor="false"/>
<TemSetaPontaB Valor="false"/>
<SetaAberta Valor="true"/>
<SetaLargura Valor="10"/>
<Inteligente Valor="true"/>
<Largura Valor="1"/>
<Ligacoes PontaA="141" PontaB="9"/>
<Pontos>
<Ponto Left="887" Top="388"/>
<Ponto Left="878" Top="388"/>
<Ponto Left="878" Top="370"/>
<Ponto Left="878" Top="370"/>
<Ponto Left="878" Top="370"/>
<Ponto Left="878" Top="360"/>
</Pontos>
</Ligacao>
<Atributo ID="145">
<Bounds Height="14" Left="614" Top="956" Width="34"/>
<DisablePainted Valor="false"/>
<Texto>Id</Texto>
<Observacao/>
<Dicionario/>
<Fonte Estilo="1" Nome="Arial" Tamanho="12"/>
<Ancorado Valor="false"/>
<DirecaoFromInspector Valor="0"/>
<Autosize Valor="true"/>
<Identificador Valor="true"/>
<Opcional Valor="false"/>
<Multivalorado Valor="false"/>
<CardMinFromString Valor="1"/>
<CardMaxFromString Valor="n"/>
<TipoAtributo Valor=""/>
</Atributo>
<Ligacao ID="146">
<DisablePainted Valor="false"/>
<Tag LinhaMestre="-1"/>
<Dashed Valor="false"/>
<Ancorado Valor="false"/>
<TemSetaPontaA Valor="false"/>
<TemSetaPontaB Valor="false"/>
<SetaAberta Valor="true"/>
<SetaLargura Valor="10"/>
<Inteligente Valor="true"/>
<Largura Valor="1"/>
<Ligacoes PontaA="145" PontaB="15"/>
<Pontos>
<Ponto Left="610" Top="960"/>
<Ponto Left="601" Top="960"/>
<Ponto Left="601" Top="987"/>
</Pontos>
</Ligacao>
<Atributo ID="148">
<Bounds Height="14" Left="627" Top="972" Width="89"/>
<DisablePainted Valor="false"/>
<Texto>Id_Usuario</Texto>
<Observacao/>
<Dicionario/>
<Fonte Estilo="1" Nome="Arial" Tamanho="12"/>
<Ancorado Valor="false"/>
<DirecaoFromInspector Valor="0"/>
<Autosize Valor="true"/>
<Identificador Valor="false"/>
<Opcional Valor="false"/>
<Multivalorado Valor="false"/>
<CardMinFromString Valor="1"/>
<CardMaxFromString Valor="n"/>
<TipoAtributo Valor=""/>
</Atributo>
<Ligacao ID="149">
<DisablePainted Valor="false"/>
<Tag LinhaMestre="-1"/>
<Dashed Valor="false"/>
<Ancorado Valor="false"/>
<TemSetaPontaA Valor="false"/>
<TemSetaPontaB Valor="false"/>
<SetaAberta Valor="true"/>
<SetaLargura Valor="10"/>
<Inteligente Valor="true"/>
<Largura Valor="1"/>
<Ligacoes PontaA="148" PontaB="15"/>
<Pontos>
<Ponto Left="623" Top="976"/>
<Ponto Left="615" Top="976"/>
<Ponto Left="615" Top="1003"/>
<Ponto Left="607" Top="1003"/>
</Pontos>
</Ligacao>
<Atributo ID="150">
<Bounds Height="14" Left="637" Top="1007" Width="49"/>
<DisablePainted Valor="false"/>
<Texto>Data</Texto>
<Observacao/>
<Dicionario/>
<Fonte Estilo="1" Nome="Arial" Tamanho="12"/>
<Ancorado Valor="false"/>
<DirecaoFromInspector Valor="0"/>
<Autosize Valor="true"/>
<Identificador Valor="false"/>
<Opcional Valor="false"/>
<Multivalorado Valor="false"/>
<CardMinFromString Valor="1"/>
<CardMaxFromString Valor="n"/>
<TipoAtributo Valor=""/>
</Atributo>
<Ligacao ID="151">
<DisablePainted Valor="false"/>
<Tag LinhaMestre="-1"/>
<Dashed Valor="false"/>
<Ancorado Valor="false"/>
<TemSetaPontaA Valor="false"/>
<TemSetaPontaB Valor="false"/>
<SetaAberta Valor="true"/>
<SetaLargura Valor="10"/>
<Inteligente Valor="true"/>
<Largura Valor="1"/>
<Ligacoes PontaA="150" PontaB="15"/>
<Pontos>
<Ponto Left="633" Top="1011"/>
<Ponto Left="620" Top="1011"/>
<Ponto Left="620" Top="1011"/>
<Ponto Left="607" Top="1011"/>
</Pontos>
</Ligacao>
<Atributo ID="153">
<Bounds Height="14" Left="641" Top="1028" Width="51"/>
<DisablePainted Valor="false"/>
<Texto>Total</Texto>
<Observacao/>
<Dicionario/>
<Fonte Estilo="1" Nome="Arial" Tamanho="12"/>
<Ancorado Valor="false"/>
<DirecaoFromInspector Valor="0"/>
<Autosize Valor="true"/>
<Identificador Valor="false"/>
<Opcional Valor="false"/>
<Multivalorado Valor="false"/>
<CardMinFromString Valor="1"/>
<CardMaxFromString Valor="n"/>
<TipoAtributo Valor=""/>
</Atributo>
<Ligacao ID="154">
<DisablePainted Valor="false"/>
<Tag LinhaMestre="-1"/>
<Dashed Valor="false"/>
<Ancorado Valor="false"/>
<TemSetaPontaA Valor="false"/>
<TemSetaPontaB Valor="false"/>
<SetaAberta Valor="true"/>
<SetaLargura Valor="10"/>
<Inteligente Valor="true"/>
<Largura Valor="1"/>
<Ligacoes PontaA="153" PontaB="15"/>
<Pontos>
<Ponto Left="637" Top="1032"/>
<Ponto Left="622" Top="1032"/>
<Ponto Left="622" Top="1023"/>
<Ponto Left="607" Top="1023"/>
</Pontos>
</Ligacao>
<Atributo ID="156">
<Bounds Height="14" Left="634" Top="1057" Width="83"/>
<DisablePainted Valor="false"/>
<Texto>Id_Cliente</Texto>
<Observacao/>
<Dicionario/>
<Fonte Estilo="1" Nome="Arial" Tamanho="12"/>
<Ancorado Valor="false"/>
<DirecaoFromInspector Valor="0"/>
<Autosize Valor="true"/>
<Identificador Valor="false"/>
<Opcional Valor="false"/>
<Multivalorado Valor="false"/>
<CardMinFromString Valor="1"/>
<CardMaxFromString Valor="n"/>
<TipoAtributo Valor=""/>
</Atributo>
<Ligacao ID="157">
<DisablePainted Valor="false"/>
<Tag LinhaMestre="-1"/>
<Dashed Valor="false"/>
<Ancorado Valor="false"/>
<TemSetaPontaA Valor="false"/>
<TemSetaPontaB Valor="false"/>
<SetaAberta Valor="true"/>
<SetaLargura Valor="10"/>
<Inteligente Valor="true"/>
<Largura Valor="1"/>
<Ligacoes PontaA="156" PontaB="15"/>
<Pontos>
<Ponto Left="630" Top="1061"/>
<Ponto Left="619" Top="1061"/>
<Ponto Left="619" Top="1035"/>
<Ponto Left="607" Top="1035"/>
</Pontos>
</Ligacao>
<Atributo ID="158">
<Bounds Height="14" Left="938" Top="565" Width="79"/>
<DisablePainted Valor="false"/>
<Texto>Desconto</Texto>
<Observacao/>
<Dicionario/>
<Fonte Estilo="1" Nome="Arial" Tamanho="12"/>
<Ancorado Valor="false"/>
<DirecaoFromInspector Valor="0"/>
<Autosize Valor="true"/>
<Identificador Valor="false"/>
<Opcional Valor="false"/>
<Multivalorado Valor="false"/>
<CardMinFromString Valor="1"/>
<CardMaxFromString Valor="n"/>
<TipoAtributo Valor=""/>
</Atributo>
<Ligacao ID="159">
<DisablePainted Valor="false"/>
<Tag LinhaMestre="-1"/>
<Dashed Valor="false"/>
<Ancorado Valor="false"/>
<TemSetaPontaA Valor="false"/>
<TemSetaPontaB Valor="false"/>
<SetaAberta Valor="true"/>
<SetaLargura Valor="10"/>
<Inteligente Valor="true"/>
<Largura Valor="1"/>
<Ligacoes PontaA="158" PontaB="13"/>
<Pontos>
<Ponto Left="934" Top="569"/>
<Ponto Left="897" Top="569"/>
<Ponto Left="897" Top="547"/>
</Pontos>
</Ligacao>
<Atributo ID="161">
<Bounds Height="14" Left="820" Top="699" Width="85"/>
<DisablePainted Valor="false"/>
<Texto>Sequencia</Texto>
<Observacao/>
<Dicionario/>
<Fonte Estilo="1" Nome="Arial" Tamanho="12"/>
<Ancorado Valor="false"/>
<DirecaoFromInspector Valor="0"/>
<Autosize Valor="true"/>
<Identificador Valor="true"/>
<Opcional Valor="false"/>
<Multivalorado Valor="false"/>
<CardMinFromString Valor="1"/>
<CardMaxFromString Valor="n"/>
<TipoAtributo Valor=""/>
</Atributo>
<Atributo ID="165">
<Bounds Height="14" Left="821" Top="729" Width="91"/>
<DisablePainted Valor="false"/>
<Texto>Quantidade</Texto>
<Observacao/>
<Dicionario/>
<Fonte Estilo="1" Nome="Arial" Tamanho="12"/>
<Ancorado Valor="false"/>
<DirecaoFromInspector Valor="0"/>
<Autosize Valor="true"/>
<Identificador Valor="false"/>
<Opcional Valor="false"/>
<Multivalorado Valor="false"/>
<CardMinFromString Valor="1"/>
<CardMaxFromString Valor="n"/>
<TipoAtributo Valor=""/>
</Atributo>
<Ligacao ID="166">
<DisablePainted Valor="false"/>
<Tag LinhaMestre="-1"/>
<Dashed Valor="false"/>
<Ancorado Valor="false"/>
<TemSetaPontaA Valor="false"/>
<TemSetaPontaB Valor="false"/>
<SetaAberta Valor="true"/>
<SetaLargura Valor="10"/>
<Inteligente Valor="true"/>
<Largura Valor="1"/>
<Ligacoes PontaA="165" PontaB="16"/>
<Pontos>
<Ponto Left="817" Top="733"/>
<Ponto Left="808" Top="733"/>
<Ponto Left="808" Top="723"/>
<Ponto Left="798" Top="723"/>
</Pontos>
</Ligacao>
<Atributo ID="168">
<Bounds Height="14" Left="820" Top="757" Width="57"/>
<DisablePainted Valor="false"/>
<Texto>Preco</Texto>
<Observacao/>
<Dicionario/>
<Fonte Estilo="1" Nome="Arial" Tamanho="12"/>
<Ancorado Valor="false"/>
<DirecaoFromInspector Valor="0"/>
<Autosize Valor="true"/>
<Identificador Valor="false"/>
<Opcional Valor="false"/>
<Multivalorado Valor="false"/>
<CardMinFromString Valor="1"/>
<CardMaxFromString Valor="n"/>
<TipoAtributo Valor=""/>
</Atributo>
<Ligacao ID="169">
<DisablePainted Valor="false"/>
<Tag LinhaMestre="-1"/>
<Dashed Valor="false"/>
<Ancorado Valor="false"/>
<TemSetaPontaA Valor="false"/>
<TemSetaPontaB Valor="false"/>
<SetaAberta Valor="true"/>
<SetaLargura Valor="10"/>
<Inteligente Valor="true"/>
<Largura Valor="1"/>
<Ligacoes PontaA="168" PontaB="16"/>
<Pontos>
<Ponto Left="816" Top="761"/>
<Ponto Left="807" Top="761"/>
<Ponto Left="807" Top="737"/>
<Ponto Left="798" Top="737"/>
</Pontos>
</Ligacao>
<Atributo ID="171">
<Bounds Height="14" Left="805" Top="778" Width="79"/>
<DisablePainted Valor="false"/>
<Texto>Desconto</Texto>
<Observacao/>
<Dicionario/>
<Fonte Estilo="1" Nome="Arial" Tamanho="12"/>
<Ancorado Valor="false"/>
<DirecaoFromInspector Valor="0"/>
<Autosize Valor="true"/>
<Identificador Valor="false"/>
<Opcional Valor="false"/>
<Multivalorado Valor="false"/>
<CardMinFromString Valor="1"/>
<CardMaxFromString Valor="n"/>
<TipoAtributo Valor=""/>
</Atributo>
<Ligacao ID="172">
<DisablePainted Valor="false"/>
<Tag LinhaMestre="-1"/>
<Dashed Valor="false"/>
<Ancorado Valor="false"/>
<TemSetaPontaA Valor="false"/>
<TemSetaPontaB Valor="false"/>
<SetaAberta Valor="true"/>
<SetaLargura Valor="10"/>
<Inteligente Valor="true"/>
<Largura Valor="1"/>
<Ligacoes PontaA="171" PontaB="16"/>
<Pontos>
<Ponto Left="801" Top="782"/>
<Ponto Left="786" Top="782"/>
<Ponto Left="786" Top="767"/>
</Pontos>
</Ligacao>
<Atributo ID="174">
<Bounds Height="14" Left="791" Top="802" Width="51"/>
<DisablePainted Valor="false"/>
<Texto>Total</Texto>
<Observacao/>
<Dicionario/>
<Fonte Estilo="1" Nome="Arial" Tamanho="12"/>
<Ancorado Valor="false"/>
<DirecaoFromInspector Valor="0"/>
<Autosize Valor="true"/>
<Identificador Valor="false"/>
<Opcional Valor="false"/>
<Multivalorado Valor="false"/>
<CardMinFromString Valor="1"/>
<CardMaxFromString Valor="n"/>
<TipoAtributo Valor=""/>
</Atributo>
<Ligacao ID="175">
<DisablePainted Valor="false"/>
<Tag LinhaMestre="-1"/>
<Dashed Valor="false"/>
<Ancorado Valor="false"/>
<TemSetaPontaA Valor="false"/>
<TemSetaPontaB Valor="false"/>
<SetaAberta Valor="true"/>
<SetaLargura Valor="10"/>
<Inteligente Valor="true"/>
<Largura Valor="1"/>
<Ligacoes PontaA="174" PontaB="16"/>
<Pontos>
<Ponto Left="787" Top="806"/>
<Ponto Left="751" Top="806"/>
<Ponto Left="751" Top="767"/>
</Pontos>
</Ligacao>
<Atributo ID="176">
<Bounds Height="14" Left="1021" Top="1082" Width="34"/>
<DisablePainted Valor="false"/>
<Texto>Id</Texto>
<Observacao/>
<Dicionario/>
<Fonte Estilo="1" Nome="Arial" Tamanho="12"/>
<Ancorado Valor="false"/>
<DirecaoFromInspector Valor="0"/>
<Autosize Valor="true"/>
<Identificador Valor="true"/>
<Opcional Valor="false"/>
<Multivalorado Valor="false"/>
<CardMinFromString Valor="1"/>
<CardMaxFromString Valor="n"/>
<TipoAtributo Valor=""/>
</Atributo>
<Ligacao ID="177">
<DisablePainted Valor="false"/>
<Tag LinhaMestre="-1"/>
<Dashed Valor="false"/>
<Ancorado Valor="false"/>
<TemSetaPontaA Valor="false"/>
<TemSetaPontaB Valor="false"/>
<SetaAberta Valor="true"/>
<SetaLargura Valor="10"/>
<Inteligente Valor="true"/>
<Largura Valor="1"/>
<Ligacoes PontaA="176" PontaB="17"/>
<Pontos>
<Ponto Left="1017" Top="1086"/>
<Ponto Left="986" Top="1086"/>
<Ponto Left="986" Top="1097"/>
</Pontos>
</Ligacao>
<Atributo ID="182">
<Bounds Height="14" Left="1025" Top="1104" Width="57"/>
<DisablePainted Valor="false"/>
<Texto>Nome</Texto>
<Observacao/>
<Dicionario/>
<Fonte Estilo="1" Nome="Arial" Tamanho="12"/>
<Ancorado Valor="false"/>
<DirecaoFromInspector Valor="0"/>
<Autosize Valor="true"/>
<Identificador Valor="false"/>
<Opcional Valor="false"/>
<Multivalorado Valor="false"/>
<CardMinFromString Valor="1"/>
<CardMaxFromString Valor="n"/>
<TipoAtributo Valor=""/>
</Atributo>
<Ligacao ID="183">
<DisablePainted Valor="false"/>
<Tag LinhaMestre="-1"/>
<Dashed Valor="false"/>
<Ancorado Valor="false"/>
<TemSetaPontaA Valor="false"/>
<TemSetaPontaB Valor="false"/>
<SetaAberta Valor="true"/>
<SetaLargura Valor="10"/>
<Inteligente Valor="true"/>
<Largura Valor="1"/>
<Ligacoes PontaA="182" PontaB="17"/>
<Pontos>
<Ponto Left="1021" Top="1108"/>
<Ponto Left="1011" Top="1108"/>
<Ponto Left="1011" Top="1115"/>
<Ponto Left="1000" Top="1115"/>
</Pontos>
</Ligacao>
<Atributo ID="185">
<Bounds Height="14" Left="1026" Top="1129" Width="79"/>
<DisablePainted Valor="false"/>
<Texto>Endereco</Texto>
<Observacao/>
<Dicionario/>
<Fonte Estilo="1" Nome="Arial" Tamanho="12"/>
<Ancorado Valor="false"/>
<DirecaoFromInspector Valor="0"/>
<Autosize Valor="true"/>
<Identificador Valor="false"/>
<Opcional Valor="false"/>
<Multivalorado Valor="false"/>
<CardMinFromString Valor="1"/>
<CardMaxFromString Valor="n"/>
<TipoAtributo Valor=""/>
</Atributo>
<Ligacao ID="186">
<DisablePainted Valor="false"/>
<Tag LinhaMestre="-1"/>
<Dashed Valor="false"/>
<Ancorado Valor="false"/>
<TemSetaPontaA Valor="false"/>
<TemSetaPontaB Valor="false"/>
<SetaAberta Valor="true"/>
<SetaLargura Valor="10"/>
<Inteligente Valor="true"/>
<Largura Valor="1"/>
<Ligacoes PontaA="185" PontaB="17"/>
<Pontos>
<Ponto Left="1022" Top="1133"/>
<Ponto Left="1011" Top="1133"/>
<Ponto Left="1011" Top="1131"/>
<Ponto Left="1000" Top="1131"/>
</Pontos>
</Ligacao>
<Ligacao ID="189">
<DisablePainted Valor="false"/>
<Tag LinhaMestre="-1"/>
<Dashed Valor="false"/>
<Ancorado Valor="false"/>
<TemSetaPontaA Valor="false"/>
<TemSetaPontaB Valor="false"/>
<SetaAberta Valor="true"/>
<SetaLargura Valor="10"/>
<Inteligente Valor="true"/>
<Largura Valor="1"/>
<Ligacoes PontaA="190" PontaB="2"/>
<Pontos>
<Ponto Left="790" Top="146"/>
<Ponto Left="769" Top="146"/>
<Ponto Left="769" Top="136"/>
<Ponto Left="748" Top="136"/>
</Pontos>
<Cardinalidade ID="191">
<Bounds Height="15" Left="758" Top="123" Width="34"/>
<DisablePainted Valor="false"/>
<Texto>Cardinalidade_1</Texto>
<Observacao/>
<Dicionario/>
<Fonte Estilo="1" Nome="Arial" Tamanho="12"/>
<Ancorado Valor="false"/>
<TamanhoAutmatico Valor="true"/>
<Card Valor="0"/>
<MovimentacaoManual Valor="false"/>
<Papel Valor=""/>
</Cardinalidade>
</Ligacao>
<Relacionamento ID="190">
<Bounds Height="50" Left="793" Top="124" Width="150"/>
<DisablePainted Valor="false"/>
<Texto/>
<Observacao/>
<Dicionario/>
<Fonte Estilo="1" Nome="Arial" Tamanho="12"/>
<Ancorado Valor="false"/>
</Relacionamento>
<Ligacao ID="192">
<DisablePainted Valor="false"/>
<Tag LinhaMestre="-1"/>
<Dashed Valor="false"/>
<Ancorado Valor="false"/>
<TemSetaPontaA Valor="false"/>
<TemSetaPontaB Valor="false"/>
<SetaAberta Valor="true"/>
<SetaLargura Valor="10"/>
<Inteligente Valor="true"/>
<Largura Valor="1"/>
<Ligacoes PontaA="3" PontaB="190"/>
<Pontos>
<Ponto Left="962" Top="112"/>
<Ponto Left="962" Top="146"/>
<Ponto Left="940" Top="146"/>
</Pontos>
<Cardinalidade ID="193">
<Bounds Height="15" Left="928" Top="122" Width="36"/>
<DisablePainted Valor="false"/>
<Texto>Cardinalidade_2</Texto>
<Observacao/>
<Dicionario/>
<Fonte Estilo="1" Nome="Arial" Tamanho="12"/>
<Ancorado Valor="false"/>
<TamanhoAutmatico Valor="true"/>
<Card Valor="3"/>
<MovimentacaoManual Valor="false"/>
<Papel Valor=""/>
</Cardinalidade>
</Ligacao>
<Ligacao ID="211">
<DisablePainted Valor="false"/>
<Tag LinhaMestre="-1"/>
<Dashed Valor="false"/>
<Ancorado Valor="false"/>
<TemSetaPontaA Valor="false"/>
<TemSetaPontaB Valor="false"/>
<SetaAberta Valor="true"/>
<SetaLargura Valor="10"/>
<Inteligente Valor="true"/>
<Largura Valor="1"/>
<Ligacoes PontaA="212" PontaB="6"/>
<Pontos>
<Ponto Left="433" Top="483"/>
<Ponto Left="433" Top="458"/>
<Ponto Left="385" Top="458"/>
<Ponto Left="385" Top="434"/>
</Pontos>
<Cardinalidade ID="213">
<Bounds Height="15" Left="353" Top="444" Width="34"/>
<DisablePainted Valor="false"/>
<Texto>Cardinalidade_3</Texto>
<Observacao/>
<Dicionario/>
<Fonte Estilo="1" Nome="Arial" Tamanho="12"/>
<Ancorado Valor="false"/>
<TamanhoAutmatico Valor="true"/>
<Card Valor="0"/>
<MovimentacaoManual Valor="false"/>
<Papel Valor=""/>
</Cardinalidade>
</Ligacao>
<Relacionamento ID="212">
<Bounds Height="50" Left="361" Top="486" Width="150"/>
<DisablePainted Valor="false"/>
<Texto/>
<Observacao/>
<Dicionario/>
<Fonte Estilo="1" Nome="Arial" Tamanho="12"/>
<Ancorado Valor="false"/>
</Relacionamento>
<Ligacao ID="214">
<DisablePainted Valor="false"/>
<Tag LinhaMestre="-1"/>
<Dashed Valor="false"/>
<Ancorado Valor="false"/>
<TemSetaPontaA Valor="false"/>
<TemSetaPontaB Valor="false"/>
<SetaAberta Valor="true"/>
<SetaLargura Valor="10"/>
<Inteligente Valor="true"/>
<Largura Valor="1"/>
<Ligacoes PontaA="7" PontaB="212"/>
<Pontos>
<Ponto Left="396" Top="559"/>
<Ponto Left="396" Top="546"/>
<Ponto Left="433" Top="546"/>
<Ponto Left="433" Top="533"/>
</Pontos>
<Cardinalidade ID="215">
<Bounds Height="15" Left="362" Top="540" Width="36"/>
<DisablePainted Valor="false"/>
<Texto>Cardinalidade_4</Texto>
<Observacao/>
<Dicionario/>
<Fonte Estilo="1" Nome="Arial" Tamanho="12"/>
<Ancorado Valor="false"/>
<TamanhoAutmatico Valor="true"/>
<Card Valor="3"/>
<MovimentacaoManual Valor="false"/>
<Papel Valor=""/>
</Cardinalidade>
</Ligacao>
<Atributo ID="235">
<Bounds Height="14" Left="936" Top="583" Width="90"/>
<DisablePainted Valor="false"/>
<Texto>Id_Produto</Texto>
<Observacao/>
<Dicionario/>
<Fonte Estilo="1" Nome="Arial" Tamanho="12"/>
<Ancorado Valor="false"/>
<DirecaoFromInspector Valor="0"/>
<Autosize Valor="true"/>
<Identificador Valor="false"/>
<Opcional Valor="false"/>
<Multivalorado Valor="false"/>
<CardMinFromString Valor="1"/>
<CardMaxFromString Valor="n"/>
<TipoAtributo Valor=""/>
</Atributo>
<Ligacao ID="236">
<DisablePainted Valor="false"/>
<Tag LinhaMestre="-1"/>
<Dashed Valor="false"/>
<Ancorado Valor="false"/>
<TemSetaPontaA Valor="false"/>
<TemSetaPontaB Valor="false"/>
<SetaAberta Valor="true"/>
<SetaLargura Valor="10"/>
<Inteligente Valor="true"/>
<Largura Valor="1"/>
<Ligacoes PontaA="235" PontaB="13"/>
<Pontos>
<Ponto Left="932" Top="587"/>
<Ponto Left="859" Top="587"/>
<Ponto Left="859" Top="547"/>
</Pontos>
</Ligacao>
<Ligacao ID="243">
<DisablePainted Valor="false"/>
<Tag LinhaMestre="-1"/>
<Dashed Valor="false"/>
<Ancorado Valor="false"/>
<TemSetaPontaA Valor="false"/>
<TemSetaPontaB Valor="false"/>
<SetaAberta Valor="true"/>
<SetaLargura Valor="10"/>
<Inteligente Valor="true"/>
<Largura Valor="1"/>
<Ligacoes PontaA="244" PontaB="9"/>
<Pontos>
<Ponto Left="756" Top="243"/>
<Ponto Left="756" Top="335"/>
<Ponto Left="793" Top="335"/>
</Pontos>
<Cardinalidade ID="245">
<Bounds Height="15" Left="753" Top="322" Width="36"/>
<DisablePainted Valor="false"/>
<Texto>Cardinalidade_5</Texto>
<Observacao/>
<Dicionario/>
<Fonte Estilo="1" Nome="Arial" Tamanho="12"/>
<Ancorado Valor="false"/>
<TamanhoAutmatico Valor="true"/>
<Card Valor="3"/>
<MovimentacaoManual Valor="false"/>
<Papel Valor=""/>
</Cardinalidade>
</Ligacao>
<Relacionamento ID="244">
<Bounds Height="50" Left="684" Top="196" Width="150"/>
<DisablePainted Valor="false"/>
<Texto/>
<Observacao/>
<Dicionario/>
<Fonte Estilo="1" Nome="Arial" Tamanho="12"/>
<Ancorado Valor="false"/>
</Relacionamento>
<Ligacao ID="246">
<DisablePainted Valor="false"/>
<Tag LinhaMestre="-1"/>
<Dashed Valor="false"/>
<Ancorado Valor="false"/>
<TemSetaPontaA Valor="false"/>
<TemSetaPontaB Valor="false"/>
<SetaAberta Valor="true"/>
<SetaLargura Valor="10"/>
<Inteligente Valor="true"/>
<Largura Valor="1"/>
<Ligacoes PontaA="2" PontaB="244"/>
<Pontos>
<Ponto Left="649" Top="166"/>
<Ponto Left="649" Top="218"/>
<Ponto Left="681" Top="218"/>
</Pontos>
<Cardinalidade ID="247">
<Bounds Height="15" Left="617" Top="176" Width="34"/>
<DisablePainted Valor="false"/>
<Texto>Cardinalidade_6</Texto>
<Observacao/>
<Dicionario/>
<Fonte Estilo="1" Nome="Arial" Tamanho="12"/>
<Ancorado Valor="false"/>
<TamanhoAutmatico Valor="true"/>
<Card Valor="0"/>
<MovimentacaoManual Valor="false"/>
<Papel Valor=""/>
</Cardinalidade>
</Ligacao>
<Ligacao ID="250">
<DisablePainted Valor="false"/>
<Tag LinhaMestre="-1"/>
<Dashed Valor="false"/>
<Ancorado Valor="false"/>
<TemSetaPontaA Valor="false"/>
<TemSetaPontaB Valor="false"/>
<SetaAberta Valor="true"/>
<SetaLargura Valor="10"/>
<Inteligente Valor="true"/>
<Largura Valor="1"/>
<Ligacoes PontaA="251" PontaB="9"/>
<Pontos>
<Ponto Left="961" Top="238"/>
<Ponto Left="879" Top="238"/>
<Ponto Left="879" Top="301"/>
</Pontos>
<Cardinalidade ID="252">
<Bounds Height="15" Left="845" Top="282" Width="36"/>
<DisablePainted Valor="false"/>
<Texto>Cardinalidade_7</Texto>
<Observacao/>
<Dicionario/>
<Fonte Estilo="1" Nome="Arial" Tamanho="12"/>
<Ancorado Valor="false"/>
<TamanhoAutmatico Valor="true"/>
<Card Valor="3"/>
<MovimentacaoManual Valor="false"/>
<Papel Valor=""/>
</Cardinalidade>
</Ligacao>
<Relacionamento ID="251">
<Bounds Height="50" Left="964" Top="216" Width="150"/>
<DisablePainted Valor="false"/>
<Texto/>
<Observacao/>
<Dicionario/>
<Fonte Estilo="1" Nome="Arial" Tamanho="12"/>
<Ancorado Valor="false"/>
</Relacionamento>
<Ligacao ID="253">
<DisablePainted Valor="false"/>
<Tag LinhaMestre="-1"/>
<Dashed Valor="false"/>
<Ancorado Valor="false"/>
<TemSetaPontaA Valor="false"/>
<TemSetaPontaB Valor="false"/>
<SetaAberta Valor="true"/>
<SetaLargura Valor="10"/>
<Inteligente Valor="true"/>
<Largura Valor="1"/>
<Ligacoes PontaA="11" PontaB="251"/>
<Pontos>
<Ponto Left="1181" Top="305"/>
<Ponto Left="1181" Top="238"/>
<Ponto Left="1111" Top="238"/>
</Pontos>
<Cardinalidade ID="254">
<Bounds Height="15" Left="1149" Top="286" Width="34"/>
<DisablePainted Valor="false"/>
<Texto>Cardinalidade_8</Texto>
<Observacao/>
<Dicionario/>
<Fonte Estilo="1" Nome="Arial" Tamanho="12"/>
<Ancorado Valor="false"/>
<TamanhoAutmatico Valor="true"/>
<Card Valor="0"/>
<MovimentacaoManual Valor="false"/>
<Papel Valor=""/>
</Cardinalidade>
</Ligacao>
<Ligacao ID="259">
<DisablePainted Valor="false"/>
<Tag LinhaMestre="-1"/>
<Dashed Valor="false"/>
<Ancorado Valor="false"/>
<TemSetaPontaA Valor="false"/>
<TemSetaPontaB Valor="false"/>
<SetaAberta Valor="true"/>
<SetaLargura Valor="10"/>
<Inteligente Valor="true"/>
<Largura Valor="1"/>
<Ligacoes PontaA="260" PontaB="6"/>
<Pontos>
<Ponto Left="568" Top="466"/>
<Ponto Left="451" Top="466"/>
<Ponto Left="451" Top="434"/>
</Pontos>
<Cardinalidade ID="261">
<Bounds Height="15" Left="419" Top="444" Width="34"/>
<DisablePainted Valor="false"/>
<Texto>Cardinalidade_9</Texto>
<Observacao/>
<Dicionario/>
<Fonte Estilo="1" Nome="Arial" Tamanho="12"/>
<Ancorado Valor="false"/>
<TamanhoAutmatico Valor="true"/>
<Card Valor="0"/>
<MovimentacaoManual Valor="false"/>
<Papel Valor=""/>
</Cardinalidade>
</Ligacao>
<Relacionamento ID="260">
<Bounds Height="50" Left="571" Top="444" Width="150"/>
<DisablePainted Valor="false"/>
<Texto/>
<Observacao/>
<Dicionario/>
<Fonte Estilo="1" Nome="Arial" Tamanho="12"/>
<Ancorado Valor="false"/>
</Relacionamento>
<Ligacao ID="262">
<DisablePainted Valor="false"/>
<Tag LinhaMestre="-1"/>
<Dashed Valor="false"/>
<Ancorado Valor="false"/>
<TemSetaPontaA Valor="false"/>
<TemSetaPontaB Valor="false"/>
<SetaAberta Valor="true"/>
<SetaLargura Valor="10"/>
<Inteligente Valor="true"/>
<Largura Valor="1"/>
<Ligacoes PontaA="13" PontaB="260"/>
<Pontos>
<Ponto Left="815" Top="488"/>
<Ponto Left="815" Top="466"/>
<Ponto Left="718" Top="466"/>
</Pontos>
<Cardinalidade ID="263">
<Bounds Height="15" Left="781" Top="469" Width="36"/>
<DisablePainted Valor="false"/>
<Texto>Cardinalidade_10</Texto>
<Observacao/>
<Dicionario/>
<Fonte Estilo="1" Nome="Arial" Tamanho="12"/>
<Ancorado Valor="false"/>
<TamanhoAutmatico Valor="true"/>
<Card Valor="3"/>
<MovimentacaoManual Valor="false"/>
<Papel Valor=""/>
</Cardinalidade>
</Ligacao>
<Ligacao ID="268">
<DisablePainted Valor="false"/>
<Tag LinhaMestre="-1"/>
<Dashed Valor="false"/>
<Ancorado Valor="false"/>
<TemSetaPontaA Valor="false"/>
<TemSetaPontaB Valor="false"/>
<SetaAberta Valor="true"/>
<SetaLargura Valor="10"/>
<Inteligente Valor="true"/>
<Largura Valor="1"/>
<Ligacoes PontaA="269" PontaB="9"/>
<Pontos>
<Ponto Left="858" Top="399"/>
<Ponto Left="858" Top="379"/>
<Ponto Left="856" Top="379"/>
<Ponto Left="856" Top="360"/>
</Pontos>
<Cardinalidade ID="270">
<Bounds Height="15" Left="824" Top="370" Width="34"/>
<DisablePainted Valor="false"/>
<Texto>Cardinalidade_11</Texto>
<Observacao/>
<Dicionario/>
<Fonte Estilo="1" Nome="Arial" Tamanho="12"/>
<Ancorado Valor="false"/>
<TamanhoAutmatico Valor="true"/>
<Card Valor="0"/>
<MovimentacaoManual Valor="false"/>
<Papel Valor=""/>
</Cardinalidade>
</Ligacao>
<Relacionamento ID="269">
<Bounds Height="50" Left="786" Top="402" Width="150"/>
<DisablePainted Valor="false"/>
<Texto/>
<Observacao/>
<Dicionario/>
<Fonte Estilo="1" Nome="Arial" Tamanho="12"/>
<Ancorado Valor="false"/>
</Relacionamento>
<Ligacao ID="271">
<DisablePainted Valor="false"/>
<Tag LinhaMestre="-1"/>
<Dashed Valor="false"/>
<Ancorado Valor="false"/>
<TemSetaPontaA Valor="false"/>
<TemSetaPontaB Valor="false"/>
<SetaAberta Valor="true"/>
<SetaLargura Valor="10"/>
<Inteligente Valor="true"/>
<Largura Valor="2"/>
<Ligacoes PontaA="13" PontaB="269"/>
<Pontos>
<Ponto Left="856" Top="488"/>
<Ponto Left="856" Top="469"/>
<Ponto Left="858" Top="469"/>
<Ponto Left="858" Top="449"/>
</Pontos>
<Cardinalidade ID="272">
<Bounds Height="15" Left="822" Top="469" Width="36"/>
<DisablePainted Valor="false"/>
<Texto>Cardinalidade_12</Texto>
<Observacao/>
<Dicionario/>
<Fonte Estilo="1" Nome="Arial" Tamanho="12"/>
<Ancorado Valor="false"/>
<TamanhoAutmatico Valor="true"/>
<Card Valor="2"/>
<MovimentacaoManual Valor="false"/>
<Papel Valor=""/>
</Cardinalidade>
</Ligacao>
<Atributo ID="277">
<Bounds Height="14" Left="748" Top="825" Width="90"/>
<DisablePainted Valor="false"/>
<Texto>Id_Produto</Texto>
<Observacao/>
<Dicionario/>
<Fonte Estilo="1" Nome="Arial" Tamanho="12"/>
<Ancorado Valor="false"/>
<DirecaoFromInspector Valor="0"/>
<Autosize Valor="true"/>
<Identificador Valor="false"/>
<Opcional Valor="false"/>
<Multivalorado Valor="false"/>
<CardMinFromString Valor="1"/>
<CardMaxFromString Valor="n"/>
<TipoAtributo Valor=""/>
</Atributo>
<Ligacao ID="278">
<DisablePainted Valor="false"/>
<Tag LinhaMestre="-1"/>
<Dashed Valor="false"/>
<Ancorado Valor="false"/>
<TemSetaPontaA Valor="false"/>
<TemSetaPontaB Valor="false"/>
<SetaAberta Valor="true"/>
<SetaLargura Valor="10"/>
<Inteligente Valor="true"/>
<Largura Valor="1"/>
<Ligacoes PontaA="277" PontaB="16"/>
<Pontos>
<Ponto Left="744" Top="829"/>
<Ponto Left="709" Top="829"/>
<Ponto Left="709" Top="767"/>
</Pontos>
</Ligacao>
<Ligacao ID="280">
<DisablePainted Valor="false"/>
<Tag LinhaMestre="-1"/>
<Dashed Valor="false"/>
<Ancorado Valor="false"/>
<TemSetaPontaA Valor="false"/>
<TemSetaPontaB Valor="false"/>
<SetaAberta Valor="true"/>
<SetaLargura Valor="10"/>
<Inteligente Valor="true"/>
<Largura Valor="1"/>
<Ligacoes PontaA="281" PontaB="6"/>
<Pontos>
<Ponto Left="336" Top="728"/>
<Ponto Left="326" Top="728"/>
<Ponto Left="326" Top="410"/>
<Ponto Left="352" Top="410"/>
</Pontos>
<Cardinalidade ID="282">
<Bounds Height="15" Left="314" Top="397" Width="34"/>
<DisablePainted Valor="false"/>
<Texto>Cardinalidade_13</Texto>
<Observacao/>
<Dicionario/>
<Fonte Estilo="1" Nome="Arial" Tamanho="12"/>
<Ancorado Valor="false"/>
<TamanhoAutmatico Valor="true"/>
<Card Valor="0"/>
<MovimentacaoManual Valor="false"/>
<Papel Valor=""/>
</Cardinalidade>
</Ligacao>
<Relacionamento ID="281">
<Bounds Height="50" Left="339" Top="706" Width="150"/>
<DisablePainted Valor="false"/>
<Texto/>
<Observacao/>
<Dicionario/>
<Fonte Estilo="1" Nome="Arial" Tamanho="12"/>
<Ancorado Valor="false"/>
</Relacionamento>
<Ligacao ID="283">
<DisablePainted Valor="false"/>
<Tag LinhaMestre="-1"/>
<Dashed Valor="false"/>
<Ancorado Valor="false"/>
<TemSetaPontaA Valor="false"/>
<TemSetaPontaB Valor="false"/>
<SetaAberta Valor="true"/>
<SetaLargura Valor="10"/>
<Inteligente Valor="true"/>
<Largura Valor="1"/>
<Ligacoes PontaA="16" PontaB="281"/>
<Pontos>
<Ponto Left="653" Top="725"/>
<Ponto Left="570" Top="725"/>
<Ponto Left="570" Top="728"/>
<Ponto Left="486" Top="728"/>
</Pontos>
<Cardinalidade ID="284">
<Bounds Height="15" Left="613" Top="712" Width="36"/>
<DisablePainted Valor="false"/>
<Texto>Cardinalidade_14</Texto>
<Observacao/>
<Dicionario/>
<Fonte Estilo="1" Nome="Arial" Tamanho="12"/>
<Ancorado Valor="false"/>
<TamanhoAutmatico Valor="true"/>
<Card Valor="3"/>
<MovimentacaoManual Valor="false"/>
<Papel Valor=""/>
</Cardinalidade>
</Ligacao>
<Ligacao ID="295">
<DisablePainted Valor="false"/>
<Tag LinhaMestre="-1"/>
<Dashed Valor="false"/>
<Ancorado Valor="false"/>
<TemSetaPontaA Valor="false"/>
<TemSetaPontaB Valor="false"/>
<SetaAberta Valor="true"/>
<SetaLargura Valor="10"/>
<Inteligente Valor="true"/>
<Largura Valor="1"/>
<Ligacoes PontaA="296" PontaB="15"/>
<Pontos>
<Ponto Left="643" Top="1097"/>
<Ponto Left="585" Top="1097"/>
<Ponto Left="585" Top="1046"/>
</Pontos>
<Cardinalidade ID="297">
<Bounds Height="15" Left="551" Top="1056" Width="36"/>
<DisablePainted Valor="false"/>
<Texto>Cardinalidade_17</Texto>
<Observacao/>
<Dicionario/>
<Fonte Estilo="1" Nome="Arial" Tamanho="12"/>
<Ancorado Valor="false"/>
<TamanhoAutmatico Valor="true"/>
<Card Valor="3"/>
<MovimentacaoManual Valor="false"/>
<Papel Valor=""/>
</Cardinalidade>
</Ligacao>
<Relacionamento ID="296">
<Bounds Height="50" Left="646" Top="1075" Width="150"/>
<DisablePainted Valor="false"/>
<Texto/>
<Observacao/>
<Dicionario/>
<Fonte Estilo="1" Nome="Arial" Tamanho="12"/>
<Ancorado Valor="false"/>
</Relacionamento>
<Ligacao ID="298">
<DisablePainted Valor="false"/>
<Tag LinhaMestre="-1"/>
<Dashed Valor="false"/>
<Ancorado Valor="false"/>
<TemSetaPontaA Valor="false"/>
<TemSetaPontaB Valor="false"/>
<SetaAberta Valor="true"/>
<SetaLargura Valor="10"/>
<Inteligente Valor="true"/>
<Largura Valor="1"/>
<Ligacoes PontaA="17" PontaB="296"/>
<Pontos>
<Ponto Left="879" Top="1125"/>
<Ponto Left="836" Top="1125"/>
<Ponto Left="836" Top="1097"/>
<Ponto Left="793" Top="1097"/>
</Pontos>
<Cardinalidade ID="299">
<Bounds Height="15" Left="841" Top="1112" Width="34"/>
<DisablePainted Valor="false"/>
<Texto>Cardinalidade_18</Texto>
<Observacao/>
<Dicionario/>
<Fonte Estilo="1" Nome="Arial" Tamanho="12"/>
<Ancorado Valor="false"/>
<TamanhoAutmatico Valor="true"/>
<Card Valor="0"/>
<MovimentacaoManual Valor="false"/>
<Papel Valor=""/>
</Cardinalidade>
</Ligacao>
<Ligacao ID="323">
<DisablePainted Valor="false"/>
<Tag LinhaMestre="-1"/>
<Dashed Valor="false"/>
<Ancorado Valor="false"/>
<TemSetaPontaA Valor="false"/>
<TemSetaPontaB Valor="false"/>
<SetaAberta Valor="true"/>
<SetaLargura Valor="10"/>
<Inteligente Valor="true"/>
<Largura Valor="1"/>
<Ligacoes PontaA="324" PontaB="15"/>
<Pontos>
<Ponto Left="600" Top="906"/>
<Ponto Left="600" Top="947"/>
<Ponto Left="523" Top="947"/>
<Ponto Left="523" Top="987"/>
</Pontos>
<Cardinalidade ID="325">
<Bounds Height="15" Left="491" Top="968" Width="34"/>
<DisablePainted Valor="false"/>
<Texto>Cardinalidade_15</Texto>
<Observacao/>
<Dicionario/>
<Fonte Estilo="1" Nome="Arial" Tamanho="12"/>
<Ancorado Valor="false"/>
<TamanhoAutmatico Valor="true"/>
<Card Valor="0"/>
<MovimentacaoManual Valor="false"/>
<Papel Valor=""/>
</Cardinalidade>
</Ligacao>
<Relacionamento ID="324">
<Bounds Height="50" Left="528" Top="859" Width="150"/>
<DisablePainted Valor="false"/>
<Texto/>
<Observacao/>
<Dicionario/>
<Fonte Estilo="1" Nome="Arial" Tamanho="12"/>
<Ancorado Valor="false"/>
</Relacionamento>
<Ligacao ID="326">
<DisablePainted Valor="false"/>
<Tag LinhaMestre="-1"/>
<Dashed Valor="false"/>
<Ancorado Valor="false"/>
<TemSetaPontaA Valor="false"/>
<TemSetaPontaB Valor="false"/>
<SetaAberta Valor="true"/>
<SetaLargura Valor="10"/>
<Inteligente Valor="true"/>
<Largura Valor="2"/>
<Ligacoes PontaA="16" PontaB="324"/>
<Pontos>
<Ponto Left="697" Top="767"/>
<Ponto Left="697" Top="811"/>
<Ponto Left="600" Top="811"/>
<Ponto Left="600" Top="856"/>
</Pontos>
<Cardinalidade ID="327">
<Bounds Height="15" Left="663" Top="777" Width="36"/>
<DisablePainted Valor="false"/>
<Texto>Cardinalidade_16</Texto>
<Observacao/>
<Dicionario/>
<Fonte Estilo="1" Nome="Arial" Tamanho="12"/>
<Ancorado Valor="false"/>
<TamanhoAutmatico Valor="true"/>
<Card Valor="2"/>
<MovimentacaoManual Valor="false"/>
<Papel Valor=""/>
</Cardinalidade>
</Ligacao>
<Ligacao ID="329">
<DisablePainted Valor="false"/>
<Tag LinhaMestre="-1"/>
<Dashed Valor="false"/>
<Ancorado Valor="false"/>
<TemSetaPontaA Valor="false"/>
<TemSetaPontaB Valor="false"/>
<SetaAberta Valor="true"/>
<SetaLargura Valor="10"/>
<Inteligente Valor="true"/>
<Largura Valor="1"/>
<Ligacoes PontaA="330" PontaB="15"/>
<Pontos>
<Ponto Left="197" Top="656"/>
<Ponto Left="197" Top="1018"/>
<Ponto Left="486" Top="1018"/>
</Pontos>
<Cardinalidade ID="331">
<Bounds Height="15" Left="446" Top="1005" Width="36"/>
<DisablePainted Valor="false"/>
<Texto>Cardinalidade_19</Texto>
<Observacao/>
<Dicionario/>
<Fonte Estilo="1" Nome="Arial" Tamanho="12"/>
<Ancorado Valor="false"/>
<TamanhoAutmatico Valor="true"/>
<Card Valor="3"/>
<MovimentacaoManual Valor="false"/>
<Papel Valor=""/>
</Cardinalidade>
</Ligacao>
<Relacionamento ID="330">
<Bounds Height="50" Left="125" Top="609" Width="150"/>
<DisablePainted Valor="false"/>
<Texto/>
<Observacao/>
<Dicionario/>
<Fonte Estilo="1" Nome="Arial" Tamanho="12"/>
<Ancorado Valor="false"/>
</Relacionamento>
<Ligacao ID="332">
<DisablePainted Valor="false"/>
<Tag LinhaMestre="-1"/>
<Dashed Valor="false"/>
<Ancorado Valor="false"/>
<TemSetaPontaA Valor="false"/>
<TemSetaPontaB Valor="false"/>
<SetaAberta Valor="true"/>
<SetaLargura Valor="10"/>
<Inteligente Valor="true"/>
<Largura Valor="1"/>
<Ligacoes PontaA="2" PontaB="330"/>
<Pontos>
<Ponto Left="671" Top="107"/>
<Ponto Left="671" Top="98"/>
<Ponto Left="197" Top="98"/>
<Ponto Left="197" Top="606"/>
</Pontos>
<Cardinalidade ID="333">
<Bounds Height="15" Left="639" Top="88" Width="34"/>
<DisablePainted Valor="false"/>
<Texto>Cardinalidade_20</Texto>
<Observacao/>
<Dicionario/>
<Fonte Estilo="1" Nome="Arial" Tamanho="12"/>
<Ancorado Valor="false"/>
<TamanhoAutmatico Valor="true"/>
<Card Valor="0"/>
<MovimentacaoManual Valor="false"/>
<Papel Valor=""/>
</Cardinalidade>
</Ligacao>
<Ligacao ID="342">
<DisablePainted Valor="false"/>
<Tag LinhaMestre="-1"/>
<Dashed Valor="false"/>
<Ancorado Valor="false"/>
<TemSetaPontaA Valor="false"/>
<TemSetaPontaB Valor="false"/>
<SetaAberta Valor="true"/>
<SetaLargura Valor="10"/>
<Inteligente Valor="true"/>
<Largura Valor="1"/>
<Ligacoes PontaA="161" PontaB="16"/>
<Pontos>
<Ponto Left="817" Top="703"/>
<Ponto Left="769" Top="703"/>
<Ponto Left="769" Top="708"/>
</Pontos>
</Ligacao>
<Atributo ID="350">
<Bounds Height="14" Left="759" Top="677" Width="78"/>
<DisablePainted Valor="false"/>
<Texto>Id_Venda</Texto>
<Observacao/>
<Dicionario/>
<Fonte Estilo="1" Nome="Arial" Tamanho="12"/>
<Ancorado Valor="false"/>
<DirecaoFromInspector Valor="0"/>
<Autosize Valor="true"/>
<Identificador Valor="true"/>
<Opcional Valor="false"/>
<Multivalorado Valor="false"/>
<CardMinFromString Valor="1"/>
<CardMaxFromString Valor="n"/>
<TipoAtributo Valor=""/>
</Atributo>
<Ligacao ID="351">
<DisablePainted Valor="false"/>
<Tag LinhaMestre="-1"/>
<Dashed Valor="false"/>
<Ancorado Valor="false"/>
<TemSetaPontaA Valor="false"/>
<TemSetaPontaB Valor="false"/>
<SetaAberta Valor="true"/>
<SetaLargura Valor="10"/>
<Inteligente Valor="true"/>
<Largura Valor="1"/>
<Ligacoes PontaA="350" PontaB="16"/>
<Pontos>
<Ponto Left="755" Top="681"/>
<Ponto Left="746" Top="681"/>
<Ponto Left="746" Top="698"/>
<Ponto Left="746" Top="698"/>
<Ponto Left="746" Top="708"/>
</Pontos>
</Ligacao>
<Atributo ID="352">
<Bounds Height="14" Left="920" Top="457" Width="89"/>
<DisablePainted Valor="false"/>
<Texto>Id_Compra</Texto>
<Observacao/>
<Dicionario/>
<Fonte Estilo="1" Nome="Arial" Tamanho="12"/>
<Ancorado Valor="false"/>
<DirecaoFromInspector Valor="0"/>
<Autosize Valor="true"/>
<Identificador Valor="true"/>
<Opcional Valor="false"/>
<Multivalorado Valor="false"/>
<CardMinFromString Valor="1"/>
<CardMaxFromString Valor="n"/>
<TipoAtributo Valor=""/>
</Atributo>
<Ligacao ID="353">
<DisablePainted Valor="false"/>
<Tag LinhaMestre="-1"/>
<Dashed Valor="false"/>
<Ancorado Valor="false"/>
<TemSetaPontaA Valor="false"/>
<TemSetaPontaB Valor="false"/>
<SetaAberta Valor="true"/>
<SetaLargura Valor="10"/>
<Inteligente Valor="true"/>
<Largura Valor="1"/>
<Ligacoes PontaA="352" PontaB="13"/>
<Pontos>
<Ponto Left="916" Top="461"/>
<Ponto Left="907" Top="461"/>
<Ponto Left="907" Top="478"/>
<Ponto Left="907" Top="478"/>
<Ponto Left="907" Top="488"/>
</Pontos>
</Ligacao>
</DIAGRAMA>
