<?xml version="1.0" encoding="UTF-8" standalone="no"?>
<DIAGRAMA ID="1" TIPO="tpConceitual" UniversalUnicID="B962-51-A086-82-A940-1F-9C">
<InfoDiagrama ID="1">
<Versao Valor="3.2.0"/>
<Autores/>
<Observacao/>
<Width Valor="4096"/>
<Height Valor="4096"/>
<Alinhamento_v Valor="50"/>
<Alinhamento_h Valor="60"/>
<Zoom Valor="50"/>
<Fonte Estilo="1" Nome="Arial" Tamanho="12"/>
<Localizacao Left="114" Top="110"/>
<Realce Valor="false"/>
</InfoDiagrama>
<Entidade ID="2">
<Bounds Height="58" Left="1352" Top="824" Width="120"/>
<DisablePainted Valor="false"/>
<Texto>Localizacao</Texto>
<Observacao/>
<Dicionario/>
<Fonte Estilo="1" Nome="Arial" Tamanho="12"/>
<Ancorado Valor="false"/>
<AtributosOcultos Valor=""/>
</Entidade>
<Texto ID="3">
<Bounds Height="36" Left="341" Top="176" Width="150"/>
<DisablePainted Valor="false"/>
<Texto>Transporta Floresta - Sistema</Texto>
<Observacao/>
<Fonte Estilo="1" Nome="Arial" Tamanho="12"/>
<Ancorado Valor="false"/>
<Titulo>texto</Titulo>
<PaintTitulo Valor="false"/>
<Alinhamento Valor="0"/>
<CentrarVertical Valor="false"/>
<Tipo Valor="1"/>
<BackColor Valor="255,255,255,255"/>
<Sombra Valor="true"/>
<CorSombra Valor="51,51,51,255"/>
<Gradiente Valor="false"/>
<GradienteStartColor Valor="0,0,0,255"/>
<GradienteEndColor Valor="204,204,204,255"/>
<GradientePinteDetalhe Valor="true"/>
<GradienteCorDetalhe Valor="102,102,102,255"/>
<GDirecao Valor="0"/>
<Alfa Valor="80"/>
<Autosize Valor="false"/>
<MovimentacaoManual Valor="true"/>
</Texto>
<Entidade ID="7">
<Bounds Height="58" Left="1353" Top="621" Width="120"/>
<DisablePainted Valor="false"/>
<Texto>Cidade</Texto>
<Observacao/>
<Dicionario/>
<Fonte Estilo="1" Nome="Arial" Tamanho="12"/>
<Ancorado Valor="false"/>
<AtributosOcultos Valor=""/>
</Entidade>
<Entidade ID="8">
<Bounds Height="58" Left="1352" Top="438" Width="120"/>
<DisablePainted Valor="false"/>
<Texto>Estado</Texto>
<Observacao/>
<Dicionario/>
<Fonte Estilo="1" Nome="Arial" Tamanho="12"/>
<Ancorado Valor="false"/>
<AtributosOcultos Valor=""/>
</Entidade>
<Entidade ID="9">
<Bounds Height="58" Left="1350" Top="244" Width="120"/>
<DisablePainted Valor="false"/>
<Texto>Pais</Texto>
<Observacao/>
<Dicionario/>
<Fonte Estilo="1" Nome="Arial" Tamanho="12"/>
<Ancorado Valor="false"/>
<AtributosOcultos Valor=""/>
</Entidade>
<Entidade ID="12">
<Bounds Height="58" Left="807" Top="171" Width="120"/>
<DisablePainted Valor="false"/>
<Texto>Funcionario</Texto>
<Observacao/>
<Dicionario/>
<Fonte Estilo="1" Nome="Arial" Tamanho="12"/>
<Ancorado Valor="false"/>
<AtributosOcultos Valor=""/>
</Entidade>
<Entidade ID="13">
<Bounds Height="58" Left="656" Top="334" Width="120"/>
<DisablePainted Valor="false"/>
<Texto>Motorista</Texto>
<Observacao/>
<Dicionario/>
<Fonte Estilo="1" Nome="Arial" Tamanho="12"/>
<Ancorado Valor="false"/>
<AtributosOcultos Valor=""/>
</Entidade>
<Entidade ID="14">
<Bounds Height="58" Left="956" Top="335" Width="120"/>
<DisablePainted Valor="false"/>
<Texto>Controlador</Texto>
<Observacao/>
<Dicionario/>
<Fonte Estilo="1" Nome="Arial" Tamanho="12"/>
<Ancorado Valor="false"/>
<AtributosOcultos Valor=""/>
</Entidade>
<Entidade ID="16">
<Bounds Height="58" Left="309" Top="439" Width="120"/>
<DisablePainted Valor="false"/>
<Texto>Caminhao</Texto>
<Observacao/>
<Dicionario/>
<Fonte Estilo="1" Nome="Arial" Tamanho="12"/>
<Ancorado Valor="false"/>
<AtributosOcultos Valor=""/>
</Entidade>
<Entidade ID="18">
<Bounds Height="58" Left="298" Top="619" Width="120"/>
<DisablePainted Valor="false"/>
<Texto>Carga</Texto>
<Observacao/>
<Dicionario/>
<Fonte Estilo="1" Nome="Arial" Tamanho="12"/>
<Ancorado Valor="false"/>
<AtributosOcultos Valor=""/>
</Entidade>
<Entidade ID="20">
<Bounds Height="58" Left="298" Top="821" Width="120"/>
<DisablePainted Valor="false"/>
<Texto>Conteudo</Texto>
<Observacao/>
<Dicionario/>
<Fonte Estilo="1" Nome="Arial" Tamanho="12"/>
<Ancorado Valor="false"/>
<AtributosOcultos Valor=""/>
</Entidade>
<Entidade ID="22">
<Bounds Height="58" Left="308" Top="244" Width="120"/>
<DisablePainted Valor="false"/>
<Texto>Marca</Texto>
<Observacao/>
<Dicionario/>
<Fonte Estilo="1" Nome="Arial" Tamanho="12"/>
<Ancorado Valor="false"/>
<AtributosOcultos Valor=""/>
</Entidade>
<Entidade ID="23">
<Bounds Height="58" Left="815" Top="527" Width="120"/>
<DisablePainted Valor="false"/>
<Texto>Viagem</Texto>
<Observacao/>
<Dicionario/>
<Fonte Estilo="1" Nome="Arial" Tamanho="12"/>
<Ancorado Valor="false"/>
<AtributosOcultos Valor=""/>
</Entidade>
<Ligacao ID="35">
<DisablePainted Valor="false"/>
<Tag LinhaMestre="-1"/>
<Dashed Valor="false"/>
<Ancorado Valor="false"/>
<TemSetaPontaA Valor="false"/>
<TemSetaPontaB Valor="false"/>
<SetaAberta Valor="true"/>
<SetaLargura Valor="10"/>
<Inteligente Valor="true"/>
<Largura Valor="1"/>
<Ligacoes PontaA="36" PontaB="9"/>
<Pontos>
<Ponto Left="1410" Top="338"/>
<Ponto Left="1410" Top="318"/>
<Ponto Left="1410" Top="318"/>
<Ponto Left="1410" Top="299"/>
</Pontos>
<Cardinalidade ID="37">
<Bounds Height="15" Left="1378" Top="309" Width="34"/>
<DisablePainted Valor="false"/>
<Texto>Cardinalidade_1</Texto>
<Observacao/>
<Dicionario/>
<Fonte Estilo="1" Nome="Arial" Tamanho="12"/>
<Ancorado Valor="false"/>
<TamanhoAutmatico Valor="true"/>
<Card Valor="0"/>
<MovimentacaoManual Valor="false"/>
<Papel Valor=""/>
</Cardinalidade>
</Ligacao>
<Relacionamento ID="36">
<Bounds Height="50" Left="1338" Top="341" Width="150"/>
<DisablePainted Valor="false"/>
<Texto>Possui</Texto>
<Observacao/>
<Dicionario/>
<Fonte Estilo="1" Nome="Arial" Tamanho="12"/>
<Ancorado Valor="false"/>
</Relacionamento>
<Ligacao ID="38">
<DisablePainted Valor="false"/>
<Tag LinhaMestre="-1"/>
<Dashed Valor="false"/>
<Ancorado Valor="false"/>
<TemSetaPontaA Valor="false"/>
<TemSetaPontaB Valor="false"/>
<SetaAberta Valor="true"/>
<SetaLargura Valor="10"/>
<Inteligente Valor="true"/>
<Largura Valor="1"/>
<Ligacoes PontaA="8" PontaB="36"/>
<Pontos>
<Ponto Left="1412" Top="434"/>
<Ponto Left="1412" Top="411"/>
<Ponto Left="1410" Top="411"/>
<Ponto Left="1410" Top="388"/>
</Pontos>
<Cardinalidade ID="39">
<Bounds Height="15" Left="1378" Top="415" Width="36"/>
<DisablePainted Valor="false"/>
<Texto>Cardinalidade_2</Texto>
<Observacao/>
<Dicionario/>
<Fonte Estilo="1" Nome="Arial" Tamanho="12"/>
<Ancorado Valor="false"/>
<TamanhoAutmatico Valor="true"/>
<Card Valor="2"/>
<MovimentacaoManual Valor="false"/>
<Papel Valor=""/>
</Cardinalidade>
</Ligacao>
<Ligacao ID="42">
<DisablePainted Valor="false"/>
<Tag LinhaMestre="-1"/>
<Dashed Valor="false"/>
<Ancorado Valor="false"/>
<TemSetaPontaA Valor="false"/>
<TemSetaPontaB Valor="false"/>
<SetaAberta Valor="true"/>
<SetaLargura Valor="10"/>
<Inteligente Valor="true"/>
<Largura Valor="1"/>
<Ligacoes PontaA="43" PontaB="8"/>
<Pontos>
<Ponto Left="1416" Top="532"/>
<Ponto Left="1416" Top="512"/>
<Ponto Left="1413" Top="512"/>
<Ponto Left="1413" Top="493"/>
</Pontos>
<Cardinalidade ID="44">
<Bounds Height="15" Left="1381" Top="503" Width="34"/>
<DisablePainted Valor="false"/>
<Texto>Cardinalidade_3</Texto>
<Observacao/>
<Dicionario/>
<Fonte Estilo="1" Nome="Arial" Tamanho="12"/>
<Ancorado Valor="false"/>
<TamanhoAutmatico Valor="true"/>
<Card Valor="0"/>
<MovimentacaoManual Valor="false"/>
<Papel Valor=""/>
</Cardinalidade>
</Ligacao>
<Relacionamento ID="43">
<Bounds Height="50" Left="1344" Top="535" Width="150"/>
<DisablePainted Valor="false"/>
<Texto>Possui</Texto>
<Observacao/>
<Dicionario/>
<Fonte Estilo="1" Nome="Arial" Tamanho="12"/>
<Ancorado Valor="false"/>
</Relacionamento>
<Ligacao ID="45">
<DisablePainted Valor="false"/>
<Tag LinhaMestre="-1"/>
<Dashed Valor="false"/>
<Ancorado Valor="false"/>
<TemSetaPontaA Valor="false"/>
<TemSetaPontaB Valor="false"/>
<SetaAberta Valor="true"/>
<SetaLargura Valor="10"/>
<Inteligente Valor="true"/>
<Largura Valor="1"/>
<Ligacoes PontaA="7" PontaB="43"/>
<Pontos>
<Ponto Left="1417" Top="617"/>
<Ponto Left="1417" Top="600"/>
<Ponto Left="1416" Top="600"/>
<Ponto Left="1416" Top="582"/>
</Pontos>
<Cardinalidade ID="46">
<Bounds Height="15" Left="1383" Top="598" Width="36"/>
<DisablePainted Valor="false"/>
<Texto>Cardinalidade_4</Texto>
<Observacao/>
<Dicionario/>
<Fonte Estilo="1" Nome="Arial" Tamanho="12"/>
<Ancorado Valor="false"/>
<TamanhoAutmatico Valor="true"/>
<Card Valor="2"/>
<MovimentacaoManual Valor="false"/>
<Papel Valor=""/>
</Cardinalidade>
</Ligacao>
<Ligacao ID="47">
<DisablePainted Valor="false"/>
<Tag LinhaMestre="-1"/>
<Dashed Valor="false"/>
<Ancorado Valor="false"/>
<TemSetaPontaA Valor="false"/>
<TemSetaPontaB Valor="false"/>
<SetaAberta Valor="true"/>
<SetaLargura Valor="10"/>
<Inteligente Valor="true"/>
<Largura Valor="1"/>
<Ligacoes PontaA="48" PontaB="7"/>
<Pontos>
<Ponto Left="1416" Top="719"/>
<Ponto Left="1416" Top="697"/>
<Ponto Left="1417" Top="697"/>
<Ponto Left="1417" Top="676"/>
</Pontos>
<Cardinalidade ID="49">
<Bounds Height="15" Left="1385" Top="686" Width="34"/>
<DisablePainted Valor="false"/>
<Texto>Cardinalidade_5</Texto>
<Observacao/>
<Dicionario/>
<Fonte Estilo="1" Nome="Arial" Tamanho="12"/>
<Ancorado Valor="false"/>
<TamanhoAutmatico Valor="true"/>
<Card Valor="0"/>
<MovimentacaoManual Valor="false"/>
<Papel Valor=""/>
</Cardinalidade>
</Ligacao>
<Relacionamento ID="48">
<Bounds Height="50" Left="1344" Top="722" Width="150"/>
<DisablePainted Valor="false"/>
<Texto>Possui</Texto>
<Observacao/>
<Dicionario/>
<Fonte Estilo="1" Nome="Arial" Tamanho="12"/>
<Ancorado Valor="false"/>
</Relacionamento>
<Ligacao ID="50">
<DisablePainted Valor="false"/>
<Tag LinhaMestre="-1"/>
<Dashed Valor="false"/>
<Ancorado Valor="false"/>
<TemSetaPontaA Valor="false"/>
<TemSetaPontaB Valor="false"/>
<SetaAberta Valor="true"/>
<SetaLargura Valor="10"/>
<Inteligente Valor="true"/>
<Largura Valor="1"/>
<Ligacoes PontaA="2" PontaB="48"/>
<Pontos>
<Ponto Left="1416" Top="820"/>
<Ponto Left="1416" Top="795"/>
<Ponto Left="1416" Top="795"/>
<Ponto Left="1416" Top="769"/>
</Pontos>
<Cardinalidade ID="51">
<Bounds Height="15" Left="1382" Top="801" Width="36"/>
<DisablePainted Valor="false"/>
<Texto>Cardinalidade_6</Texto>
<Observacao/>
<Dicionario/>
<Fonte Estilo="1" Nome="Arial" Tamanho="12"/>
<Ancorado Valor="false"/>
<TamanhoAutmatico Valor="true"/>
<Card Valor="3"/>
<MovimentacaoManual Valor="false"/>
<Papel Valor=""/>
</Cardinalidade>
</Ligacao>
<Especializacao ID="55">
<Bounds Height="32" Left="844" Top="268" Width="40"/>
<DisablePainted Valor="false"/>
<Texto>Especializa��o_1</Texto>
<Observacao>p
</Observacao>
<Dicionario/>
<Fonte Estilo="1" Nome="Arial" Tamanho="12"/>
<Ancorado Valor="false"/>
<Direcao Valor="0"/>
<Ocupado01 ID="55"/>
<Ocupado02 ID="-1"/>
<Ocupado03 ID="-1"/>
<Parcial Valor="true"/>
</Especializacao>
<Ligacao ID="56">
<DisablePainted Valor="false"/>
<Tag LinhaMestre="-1"/>
<Dashed Valor="false"/>
<Ancorado Valor="false"/>
<TemSetaPontaA Valor="false"/>
<TemSetaPontaB Valor="false"/>
<SetaAberta Valor="true"/>
<SetaLargura Valor="10"/>
<Inteligente Valor="false"/>
<Largura Valor="1"/>
<Ligacoes PontaA="12" PontaB="55"/>
<Pontos>
<Ponto Left="862" Top="226"/>
<Ponto Left="861" Top="265"/>
</Pontos>
</Ligacao>
<Ligacao ID="61">
<DisablePainted Valor="false"/>
<Tag LinhaMestre="-1"/>
<Dashed Valor="false"/>
<Ancorado Valor="false"/>
<TemSetaPontaA Valor="false"/>
<TemSetaPontaB Valor="false"/>
<SetaAberta Valor="true"/>
<SetaLargura Valor="10"/>
<Inteligente Valor="false"/>
<Largura Valor="1"/>
<Ligacoes PontaA="55" PontaB="13"/>
<Pontos>
<Ponto Left="861" Top="297"/>
<Ponto Left="719" Top="330"/>
</Pontos>
</Ligacao>
<Ligacao ID="62">
<DisablePainted Valor="false"/>
<Tag LinhaMestre="-1"/>
<Dashed Valor="false"/>
<Ancorado Valor="false"/>
<TemSetaPontaA Valor="false"/>
<TemSetaPontaB Valor="false"/>
<SetaAberta Valor="true"/>
<SetaLargura Valor="10"/>
<Inteligente Valor="false"/>
<Largura Valor="1"/>
<Ligacoes PontaA="55" PontaB="14"/>
<Pontos>
<Ponto Left="861" Top="297"/>
<Ponto Left="1008" Top="331"/>
</Pontos>
</Ligacao>
<Ligacao ID="71">
<DisablePainted Valor="false"/>
<Tag LinhaMestre="-1"/>
<Dashed Valor="false"/>
<Ancorado Valor="false"/>
<TemSetaPontaA Valor="false"/>
<TemSetaPontaB Valor="false"/>
<SetaAberta Valor="true"/>
<SetaLargura Valor="10"/>
<Inteligente Valor="true"/>
<Largura Valor="1"/>
<Ligacoes PontaA="72" PontaB="16"/>
<Pontos>
<Ponto Left="366" Top="392"/>
<Ponto Left="366" Top="414"/>
<Ponto Left="368" Top="414"/>
<Ponto Left="368" Top="435"/>
</Pontos>
<Cardinalidade ID="73">
<Bounds Height="15" Left="334" Top="416" Width="36"/>
<DisablePainted Valor="false"/>
<Texto>Cardinalidade_7</Texto>
<Observacao/>
<Dicionario/>
<Fonte Estilo="1" Nome="Arial" Tamanho="12"/>
<Ancorado Valor="false"/>
<TamanhoAutmatico Valor="true"/>
<Card Valor="3"/>
<MovimentacaoManual Valor="false"/>
<Papel Valor=""/>
</Cardinalidade>
</Ligacao>
<Relacionamento ID="72">
<Bounds Height="50" Left="294" Top="345" Width="150"/>
<DisablePainted Valor="false"/>
<Texto>Relacionamento_1</Texto>
<Observacao/>
<Dicionario/>
<Fonte Estilo="1" Nome="Arial" Tamanho="12"/>
<Ancorado Valor="false"/>
</Relacionamento>
<Ligacao ID="74">
<DisablePainted Valor="false"/>
<Tag LinhaMestre="-1"/>
<Dashed Valor="false"/>
<Ancorado Valor="false"/>
<TemSetaPontaA Valor="false"/>
<TemSetaPontaB Valor="false"/>
<SetaAberta Valor="true"/>
<SetaLargura Valor="10"/>
<Inteligente Valor="true"/>
<Largura Valor="1"/>
<Ligacoes PontaA="22" PontaB="72"/>
<Pontos>
<Ponto Left="363" Top="299"/>
<Ponto Left="363" Top="320"/>
<Ponto Left="366" Top="320"/>
<Ponto Left="366" Top="342"/>
</Pontos>
<Cardinalidade ID="75">
<Bounds Height="15" Left="331" Top="309" Width="34"/>
<DisablePainted Valor="false"/>
<Texto>Cardinalidade_8</Texto>
<Observacao/>
<Dicionario/>
<Fonte Estilo="1" Nome="Arial" Tamanho="12"/>
<Ancorado Valor="false"/>
<TamanhoAutmatico Valor="true"/>
<Card Valor="0"/>
<MovimentacaoManual Valor="false"/>
<Papel Valor=""/>
</Cardinalidade>
</Ligacao>
<Ligacao ID="76">
<DisablePainted Valor="false"/>
<Tag LinhaMestre="-1"/>
<Dashed Valor="false"/>
<Ancorado Valor="false"/>
<TemSetaPontaA Valor="false"/>
<TemSetaPontaB Valor="false"/>
<SetaAberta Valor="true"/>
<SetaLargura Valor="10"/>
<Inteligente Valor="true"/>
<Largura Valor="1"/>
<Ligacoes PontaA="77" PontaB="18"/>
<Pontos>
<Ponto Left="504" Top="586"/>
<Ponto Left="360" Top="586"/>
<Ponto Left="360" Top="615"/>
</Pontos>
<Cardinalidade ID="78">
<Bounds Height="15" Left="326" Top="596" Width="36"/>
<DisablePainted Valor="false"/>
<Texto>Cardinalidade_9</Texto>
<Observacao/>
<Dicionario/>
<Fonte Estilo="1" Nome="Arial" Tamanho="12"/>
<Ancorado Valor="false"/>
<TamanhoAutmatico Valor="true"/>
<Card Valor="2"/>
<MovimentacaoManual Valor="false"/>
<Papel Valor=""/>
</Cardinalidade>
</Ligacao>
<Relacionamento ID="77">
<Bounds Height="50" Left="482" Top="572" Width="150"/>
<DisablePainted Valor="false"/>
<Texto>Relacionamento_2</Texto>
<Observacao/>
<Dicionario/>
<Fonte Estilo="1" Nome="Arial" Tamanho="12"/>
<Ancorado Valor="false"/>
</Relacionamento>
<Ligacao ID="81">
<DisablePainted Valor="false"/>
<Tag LinhaMestre="-1"/>
<Dashed Valor="false"/>
<Ancorado Valor="false"/>
<TemSetaPontaA Valor="false"/>
<TemSetaPontaB Valor="false"/>
<SetaAberta Valor="true"/>
<SetaLargura Valor="10"/>
<Inteligente Valor="true"/>
<Largura Valor="1"/>
<Ligacoes PontaA="82" PontaB="20"/>
<Pontos>
<Ponto Left="356" Top="772"/>
<Ponto Left="356" Top="795"/>
<Ponto Left="355" Top="795"/>
<Ponto Left="355" Top="817"/>
</Pontos>
<Cardinalidade ID="83">
<Bounds Height="15" Left="321" Top="798" Width="36"/>
<DisablePainted Valor="false"/>
<Texto>Cardinalidade_11</Texto>
<Observacao/>
<Dicionario/>
<Fonte Estilo="1" Nome="Arial" Tamanho="12"/>
<Ancorado Valor="false"/>
<TamanhoAutmatico Valor="true"/>
<Card Valor="2"/>
<MovimentacaoManual Valor="false"/>
<Papel Valor=""/>
</Cardinalidade>
</Ligacao>
<Relacionamento ID="82">
<Bounds Height="50" Left="284" Top="725" Width="150"/>
<DisablePainted Valor="false"/>
<Texto>Relacionamento_3</Texto>
<Observacao/>
<Dicionario/>
<Fonte Estilo="1" Nome="Arial" Tamanho="12"/>
<Ancorado Valor="false"/>
</Relacionamento>
<Ligacao ID="84">
<DisablePainted Valor="false"/>
<Tag LinhaMestre="-1"/>
<Dashed Valor="false"/>
<Ancorado Valor="false"/>
<TemSetaPontaA Valor="false"/>
<TemSetaPontaB Valor="false"/>
<SetaAberta Valor="true"/>
<SetaLargura Valor="10"/>
<Inteligente Valor="true"/>
<Largura Valor="1"/>
<Ligacoes PontaA="18" PontaB="82"/>
<Pontos>
<Ponto Left="352" Top="674"/>
<Ponto Left="352" Top="698"/>
<Ponto Left="356" Top="698"/>
<Ponto Left="356" Top="722"/>
</Pontos>
<Cardinalidade ID="85">
<Bounds Height="15" Left="318" Top="684" Width="36"/>
<DisablePainted Valor="false"/>
<Texto>Cardinalidade_12</Texto>
<Observacao/>
<Dicionario/>
<Fonte Estilo="1" Nome="Arial" Tamanho="12"/>
<Ancorado Valor="false"/>
<TamanhoAutmatico Valor="true"/>
<Card Valor="2"/>
<MovimentacaoManual Valor="false"/>
<Papel Valor=""/>
</Cardinalidade>
</Ligacao>
<Ligacao ID="99">
<DisablePainted Valor="false"/>
<Tag LinhaMestre="-1"/>
<Dashed Valor="false"/>
<Ancorado Valor="false"/>
<TemSetaPontaA Valor="false"/>
<TemSetaPontaB Valor="false"/>
<SetaAberta Valor="true"/>
<SetaLargura Valor="10"/>
<Inteligente Valor="true"/>
<Largura Valor="1"/>
<Ligacoes PontaA="100" PontaB="16"/>
<Pontos>
<Ponto Left="477" Top="538"/>
<Ponto Left="368" Top="538"/>
<Ponto Left="368" Top="494"/>
</Pontos>
<Cardinalidade ID="101">
<Bounds Height="15" Left="336" Top="504" Width="34"/>
<DisablePainted Valor="false"/>
<Texto>Cardinalidade_10</Texto>
<Observacao/>
<Dicionario/>
<Fonte Estilo="1" Nome="Arial" Tamanho="12"/>
<Ancorado Valor="false"/>
<TamanhoAutmatico Valor="true"/>
<Card Valor="0"/>
<MovimentacaoManual Valor="false"/>
<Papel Valor=""/>
</Cardinalidade>
</Ligacao>
<Relacionamento ID="100">
<Bounds Height="50" Left="480" Top="516" Width="150"/>
<DisablePainted Valor="false"/>
<Texto>Relacionamento_5</Texto>
<Observacao/>
<Dicionario/>
<Fonte Estilo="1" Nome="Arial" Tamanho="12"/>
<Ancorado Valor="false"/>
</Relacionamento>
<Ligacao ID="102">
<DisablePainted Valor="false"/>
<Tag LinhaMestre="-1"/>
<Dashed Valor="false"/>
<Ancorado Valor="false"/>
<TemSetaPontaA Valor="false"/>
<TemSetaPontaB Valor="false"/>
<SetaAberta Valor="true"/>
<SetaLargura Valor="10"/>
<Inteligente Valor="true"/>
<Largura Valor="1"/>
<Ligacoes PontaA="23" PontaB="100"/>
<Pontos>
<Ponto Left="811" Top="545"/>
<Ponto Left="719" Top="545"/>
<Ponto Left="719" Top="538"/>
<Ponto Left="627" Top="538"/>
</Pontos>
<Cardinalidade ID="103">
<Bounds Height="15" Left="771" Top="532" Width="36"/>
<DisablePainted Valor="false"/>
<Texto>Cardinalidade_15</Texto>
<Observacao/>
<Dicionario/>
<Fonte Estilo="1" Nome="Arial" Tamanho="12"/>
<Ancorado Valor="false"/>
<TamanhoAutmatico Valor="true"/>
<Card Valor="3"/>
<MovimentacaoManual Valor="false"/>
<Papel Valor=""/>
</Cardinalidade>
</Ligacao>
<Ligacao ID="104">
<DisablePainted Valor="false"/>
<Tag LinhaMestre="-1"/>
<Dashed Valor="false"/>
<Ancorado Valor="false"/>
<TemSetaPontaA Valor="false"/>
<TemSetaPontaB Valor="false"/>
<SetaAberta Valor="true"/>
<SetaLargura Valor="10"/>
<Inteligente Valor="true"/>
<Largura Valor="1"/>
<Ligacoes PontaA="77" PontaB="23"/>
<Pontos>
<Ponto Left="579" Top="611"/>
<Ponto Left="579" Top="629"/>
<Ponto Left="720" Top="629"/>
<Ponto Left="720" Top="566"/>
<Ponto Left="811" Top="566"/>
</Pontos>
<Cardinalidade ID="105">
<Bounds Height="15" Left="771" Top="553" Width="36"/>
<DisablePainted Valor="false"/>
<Texto>Cardinalidade_16</Texto>
<Observacao/>
<Dicionario/>
<Fonte Estilo="1" Nome="Arial" Tamanho="12"/>
<Ancorado Valor="false"/>
<TamanhoAutmatico Valor="true"/>
<Card Valor="2"/>
<MovimentacaoManual Valor="false"/>
<Papel Valor=""/>
</Cardinalidade>
</Ligacao>
<Ligacao ID="108">
<DisablePainted Valor="false"/>
<Tag LinhaMestre="-1"/>
<Dashed Valor="false"/>
<Ancorado Valor="false"/>
<TemSetaPontaA Valor="false"/>
<TemSetaPontaB Valor="false"/>
<SetaAberta Valor="true"/>
<SetaLargura Valor="10"/>
<Inteligente Valor="true"/>
<Largura Valor="1"/>
<Ligacoes PontaA="109" PontaB="23"/>
<Pontos>
<Ponto Left="1118" Top="608"/>
<Ponto Left="1025" Top="608"/>
<Ponto Left="1025" Top="557"/>
<Ponto Left="932" Top="557"/>
</Pontos>
<Cardinalidade ID="110">
<Bounds Height="15" Left="942" Top="544" Width="36"/>
<DisablePainted Valor="false"/>
<Texto>Cardinalidade_17</Texto>
<Observacao/>
<Dicionario/>
<Fonte Estilo="1" Nome="Arial" Tamanho="12"/>
<Ancorado Valor="false"/>
<TamanhoAutmatico Valor="true"/>
<Card Valor="3"/>
<MovimentacaoManual Valor="false"/>
<Papel Valor=""/>
</Cardinalidade>
</Ligacao>
<Relacionamento ID="109">
<Bounds Height="50" Left="1121" Top="586" Width="150"/>
<DisablePainted Valor="false"/>
<Texto>Origem</Texto>
<Observacao/>
<Dicionario/>
<Fonte Estilo="1" Nome="Arial" Tamanho="12"/>
<Ancorado Valor="false"/>
</Relacionamento>
<Ligacao ID="111">
<DisablePainted Valor="false"/>
<Tag LinhaMestre="-1"/>
<Dashed Valor="false"/>
<Ancorado Valor="false"/>
<TemSetaPontaA Valor="false"/>
<TemSetaPontaB Valor="false"/>
<SetaAberta Valor="true"/>
<SetaLargura Valor="10"/>
<Inteligente Valor="true"/>
<Largura Valor="1"/>
<Ligacoes PontaA="2" PontaB="109"/>
<Pontos>
<Ponto Left="1348" Top="840"/>
<Ponto Left="1308" Top="840"/>
<Ponto Left="1308" Top="608"/>
<Ponto Left="1268" Top="608"/>
</Pontos>
<Cardinalidade ID="112">
<Bounds Height="15" Left="1308" Top="827" Width="36"/>
<DisablePainted Valor="false"/>
<Texto>Cardinalidade_18</Texto>
<Observacao/>
<Dicionario/>
<Fonte Estilo="1" Nome="Arial" Tamanho="12"/>
<Ancorado Valor="false"/>
<TamanhoAutmatico Valor="true"/>
<Card Valor="2"/>
<MovimentacaoManual Valor="false"/>
<Papel Valor=""/>
</Cardinalidade>
</Ligacao>
<Ligacao ID="145">
<DisablePainted Valor="false"/>
<Tag LinhaMestre="-1"/>
<Dashed Valor="false"/>
<Ancorado Valor="false"/>
<TemSetaPontaA Valor="false"/>
<TemSetaPontaB Valor="false"/>
<SetaAberta Valor="true"/>
<SetaLargura Valor="10"/>
<Inteligente Valor="true"/>
<Largura Valor="1"/>
<Ligacoes PontaA="146" PontaB="14"/>
<Pontos>
<Ponto Left="1073" Top="450"/>
<Ponto Left="1083" Top="450"/>
<Ponto Left="1083" Top="407"/>
<Ponto Left="1018" Top="407"/>
<Ponto Left="1018" Top="390"/>
</Pontos>
<Cardinalidade ID="147">
<Bounds Height="15" Left="986" Top="400" Width="34"/>
<DisablePainted Valor="false"/>
<Texto>Cardinalidade_13</Texto>
<Observacao/>
<Dicionario/>
<Fonte Estilo="1" Nome="Arial" Tamanho="12"/>
<Ancorado Valor="false"/>
<TamanhoAutmatico Valor="true"/>
<Card Valor="0"/>
<MovimentacaoManual Valor="false"/>
<Papel Valor=""/>
</Cardinalidade>
</Ligacao>
<Relacionamento ID="146">
<Bounds Height="50" Left="926" Top="428" Width="150"/>
<DisablePainted Valor="false"/>
<Texto>Relacionamento_4</Texto>
<Observacao/>
<Dicionario/>
<Fonte Estilo="1" Nome="Arial" Tamanho="12"/>
<Ancorado Valor="false"/>
</Relacionamento>
<Ligacao ID="148">
<DisablePainted Valor="false"/>
<Tag LinhaMestre="-1"/>
<Dashed Valor="false"/>
<Ancorado Valor="false"/>
<TemSetaPontaA Valor="false"/>
<TemSetaPontaB Valor="false"/>
<SetaAberta Valor="true"/>
<SetaLargura Valor="10"/>
<Inteligente Valor="true"/>
<Largura Valor="1"/>
<Ligacoes PontaA="23" PontaB="146"/>
<Pontos>
<Ponto Left="896" Top="523"/>
<Ponto Left="896" Top="499"/>
<Ponto Left="998" Top="499"/>
<Ponto Left="998" Top="475"/>
</Pontos>
<Cardinalidade ID="149">
<Bounds Height="15" Left="862" Top="504" Width="36"/>
<DisablePainted Valor="false"/>
<Texto>Cardinalidade_14</Texto>
<Observacao/>
<Dicionario/>
<Fonte Estilo="1" Nome="Arial" Tamanho="12"/>
<Ancorado Valor="false"/>
<TamanhoAutmatico Valor="true"/>
<Card Valor="3"/>
<MovimentacaoManual Valor="false"/>
<Papel Valor=""/>
</Cardinalidade>
</Ligacao>
<Ligacao ID="150">
<DisablePainted Valor="false"/>
<Tag LinhaMestre="-1"/>
<Dashed Valor="false"/>
<Ancorado Valor="false"/>
<TemSetaPontaA Valor="false"/>
<TemSetaPontaB Valor="false"/>
<SetaAberta Valor="true"/>
<SetaLargura Valor="10"/>
<Inteligente Valor="true"/>
<Largura Valor="1"/>
<Ligacoes PontaA="151" PontaB="13"/>
<Pontos>
<Ponto Left="667" Top="462"/>
<Ponto Left="657" Top="462"/>
<Ponto Left="657" Top="413"/>
<Ponto Left="657" Top="413"/>
<Ponto Left="687" Top="413"/>
<Ponto Left="687" Top="389"/>
</Pontos>
<Cardinalidade ID="152">
<Bounds Height="15" Left="655" Top="399" Width="34"/>
<DisablePainted Valor="false"/>
<Texto>Cardinalidade_19</Texto>
<Observacao/>
<Dicionario/>
<Fonte Estilo="1" Nome="Arial" Tamanho="12"/>
<Ancorado Valor="false"/>
<TamanhoAutmatico Valor="true"/>
<Card Valor="0"/>
<MovimentacaoManual Valor="false"/>
<Papel Valor=""/>
</Cardinalidade>
</Ligacao>
<Relacionamento ID="151">
<Bounds Height="50" Left="670" Top="440" Width="150"/>
<DisablePainted Valor="false"/>
<Texto>Relacionamento_7</Texto>
<Observacao/>
<Dicionario/>
<Fonte Estilo="1" Nome="Arial" Tamanho="12"/>
<Ancorado Valor="false"/>
</Relacionamento>
<Ligacao ID="153">
<DisablePainted Valor="false"/>
<Tag LinhaMestre="-1"/>
<Dashed Valor="false"/>
<Ancorado Valor="false"/>
<TemSetaPontaA Valor="false"/>
<TemSetaPontaB Valor="false"/>
<SetaAberta Valor="true"/>
<SetaLargura Valor="10"/>
<Inteligente Valor="true"/>
<Largura Valor="1"/>
<Ligacoes PontaA="23" PontaB="151"/>
<Pontos>
<Ponto Left="837" Top="523"/>
<Ponto Left="837" Top="505"/>
<Ponto Left="742" Top="505"/>
<Ponto Left="742" Top="487"/>
</Pontos>
<Cardinalidade ID="154">
<Bounds Height="15" Left="803" Top="504" Width="36"/>
<DisablePainted Valor="false"/>
<Texto>Cardinalidade_20</Texto>
<Observacao/>
<Dicionario/>
<Fonte Estilo="1" Nome="Arial" Tamanho="12"/>
<Ancorado Valor="false"/>
<TamanhoAutmatico Valor="true"/>
<Card Valor="3"/>
<MovimentacaoManual Valor="false"/>
<Papel Valor=""/>
</Cardinalidade>
</Ligacao>
<Ligacao ID="181">
<DisablePainted Valor="false"/>
<Tag LinhaMestre="-1"/>
<Dashed Valor="false"/>
<Ancorado Valor="false"/>
<TemSetaPontaA Valor="false"/>
<TemSetaPontaB Valor="false"/>
<SetaAberta Valor="true"/>
<SetaLargura Valor="10"/>
<Inteligente Valor="true"/>
<Largura Valor="1"/>
<Ligacoes PontaA="182" PontaB="23"/>
<Pontos>
<Ponto Left="1099" Top="722"/>
<Ponto Left="1003" Top="722"/>
<Ponto Left="1003" Top="572"/>
<Ponto Left="932" Top="572"/>
</Pontos>
<Cardinalidade ID="183">
<Bounds Height="15" Left="942" Top="559" Width="36"/>
<DisablePainted Valor="false"/>
<Texto>Cardinalidade_21</Texto>
<Observacao/>
<Dicionario/>
<Fonte Estilo="1" Nome="Arial" Tamanho="12"/>
<Ancorado Valor="false"/>
<TamanhoAutmatico Valor="true"/>
<Card Valor="3"/>
<MovimentacaoManual Valor="false"/>
<Papel Valor=""/>
</Cardinalidade>
</Ligacao>
<Relacionamento ID="182">
<Bounds Height="50" Left="1077" Top="691" Width="150"/>
<DisablePainted Valor="false"/>
<Texto>Destino</Texto>
<Observacao/>
<Dicionario/>
<Fonte Estilo="1" Nome="Arial" Tamanho="12"/>
<Ancorado Valor="false"/>
</Relacionamento>
<Ligacao ID="184">
<DisablePainted Valor="false"/>
<Tag LinhaMestre="-1"/>
<Dashed Valor="false"/>
<Ancorado Valor="false"/>
<TemSetaPontaA Valor="false"/>
<TemSetaPontaB Valor="false"/>
<SetaAberta Valor="true"/>
<SetaLargura Valor="10"/>
<Inteligente Valor="true"/>
<Largura Valor="1"/>
<Ligacoes PontaA="2" PontaB="182"/>
<Pontos>
<Ponto Left="1348" Top="869"/>
<Ponto Left="1286" Top="869"/>
<Ponto Left="1286" Top="713"/>
<Ponto Left="1224" Top="713"/>
</Pontos>
<Cardinalidade ID="185">
<Bounds Height="15" Left="1308" Top="856" Width="36"/>
<DisablePainted Valor="false"/>
<Texto>Cardinalidade_22</Texto>
<Observacao/>
<Dicionario/>
<Fonte Estilo="1" Nome="Arial" Tamanho="12"/>
<Ancorado Valor="false"/>
<TamanhoAutmatico Valor="true"/>
<Card Valor="3"/>
<MovimentacaoManual Valor="false"/>
<Papel Valor=""/>
</Cardinalidade>
</Ligacao>
<Atributo ID="185">
<Bounds Height="14" Left="1530" Top="254" Width="34"/>
<DisablePainted Valor="false"/>
<Texto>Id</Texto>
<Observacao/>
<Dicionario/>
<Fonte Estilo="1" Nome="Arial" Tamanho="12"/>
<Ancorado Valor="false"/>
<DirecaoFromInspector Valor="0"/>
<Autosize Valor="true"/>
<Identificador Valor="true"/>
<Opcional Valor="false"/>
<Multivalorado Valor="false"/>
<CardMinFromString Valor="1"/>
<CardMaxFromString Valor="n"/>
<TipoAtributo Valor=""/>
</Atributo>
<Ligacao ID="186">
<DisablePainted Valor="false"/>
<Tag LinhaMestre="-1"/>
<Dashed Valor="false"/>
<Ancorado Valor="false"/>
<TemSetaPontaA Valor="false"/>
<TemSetaPontaB Valor="false"/>
<SetaAberta Valor="true"/>
<SetaLargura Valor="10"/>
<Inteligente Valor="true"/>
<Largura Valor="1"/>
<Ligacoes PontaA="185" PontaB="9"/>
<Pontos>
<Ponto Left="1526" Top="258"/>
<Ponto Left="1497" Top="258"/>
<Ponto Left="1497" Top="258"/>
<Ponto Left="1467" Top="258"/>
</Pontos>
</Ligacao>
<Atributo ID="187">
<Bounds Height="14" Left="1530" Top="273" Width="54"/>
<DisablePainted Valor="false"/>
<Texto>Nome</Texto>
<Observacao/>
<Dicionario/>
<Fonte Estilo="1" Nome="Arial" Tamanho="12"/>
<Ancorado Valor="false"/>
<DirecaoFromInspector Valor="0"/>
<Autosize Valor="true"/>
<Identificador Valor="false"/>
<Opcional Valor="false"/>
<Multivalorado Valor="false"/>
<CardMinFromString Valor="1"/>
<CardMaxFromString Valor="n"/>
<TipoAtributo Valor=""/>
</Atributo>
<Ligacao ID="188">
<DisablePainted Valor="false"/>
<Tag LinhaMestre="-1"/>
<Dashed Valor="false"/>
<Ancorado Valor="false"/>
<TemSetaPontaA Valor="false"/>
<TemSetaPontaB Valor="false"/>
<SetaAberta Valor="true"/>
<SetaLargura Valor="10"/>
<Inteligente Valor="true"/>
<Largura Valor="1"/>
<Ligacoes PontaA="187" PontaB="9"/>
<Pontos>
<Ponto Left="1526" Top="277"/>
<Ponto Left="1497" Top="277"/>
<Ponto Left="1497" Top="277"/>
<Ponto Left="1467" Top="277"/>
</Pontos>
</Ligacao>
<Atributo ID="189">
<Bounds Height="14" Left="1532" Top="458" Width="34"/>
<DisablePainted Valor="false"/>
<Texto>Id</Texto>
<Observacao/>
<Dicionario/>
<Fonte Estilo="1" Nome="Arial" Tamanho="12"/>
<Ancorado Valor="false"/>
<DirecaoFromInspector Valor="0"/>
<Autosize Valor="true"/>
<Identificador Valor="true"/>
<Opcional Valor="false"/>
<Multivalorado Valor="false"/>
<CardMinFromString Valor="1"/>
<CardMaxFromString Valor="n"/>
<TipoAtributo Valor=""/>
</Atributo>
<Ligacao ID="190">
<DisablePainted Valor="false"/>
<Tag LinhaMestre="-1"/>
<Dashed Valor="false"/>
<Ancorado Valor="false"/>
<TemSetaPontaA Valor="false"/>
<TemSetaPontaB Valor="false"/>
<SetaAberta Valor="true"/>
<SetaLargura Valor="10"/>
<Inteligente Valor="true"/>
<Largura Valor="1"/>
<Ligacoes PontaA="189" PontaB="8"/>
<Pontos>
<Ponto Left="1528" Top="462"/>
<Ponto Left="1499" Top="462"/>
<Ponto Left="1499" Top="462"/>
<Ponto Left="1469" Top="462"/>
</Pontos>
</Ligacao>
<Atributo ID="191">
<Bounds Height="14" Left="1539" Top="481" Width="54"/>
<DisablePainted Valor="false"/>
<Texto>Nome</Texto>
<Observacao/>
<Dicionario/>
<Fonte Estilo="1" Nome="Arial" Tamanho="12"/>
<Ancorado Valor="false"/>
<DirecaoFromInspector Valor="0"/>
<Autosize Valor="true"/>
<Identificador Valor="false"/>
<Opcional Valor="false"/>
<Multivalorado Valor="false"/>
<CardMinFromString Valor="1"/>
<CardMaxFromString Valor="n"/>
<TipoAtributo Valor=""/>
</Atributo>
<Ligacao ID="192">
<DisablePainted Valor="false"/>
<Tag LinhaMestre="-1"/>
<Dashed Valor="false"/>
<Ancorado Valor="false"/>
<TemSetaPontaA Valor="false"/>
<TemSetaPontaB Valor="false"/>
<SetaAberta Valor="true"/>
<SetaLargura Valor="10"/>
<Inteligente Valor="true"/>
<Largura Valor="1"/>
<Ligacoes PontaA="191" PontaB="8"/>
<Pontos>
<Ponto Left="1535" Top="485"/>
<Ponto Left="1502" Top="485"/>
<Ponto Left="1502" Top="470"/>
<Ponto Left="1469" Top="470"/>
</Pontos>
</Ligacao>
<Atributo ID="193">
<Bounds Height="14" Left="1533" Top="651" Width="54"/>
<DisablePainted Valor="false"/>
<Texto>Nome</Texto>
<Observacao/>
<Dicionario/>
<Fonte Estilo="1" Nome="Arial" Tamanho="12"/>
<Ancorado Valor="false"/>
<DirecaoFromInspector Valor="0"/>
<Autosize Valor="true"/>
<Identificador Valor="false"/>
<Opcional Valor="false"/>
<Multivalorado Valor="false"/>
<CardMinFromString Valor="1"/>
<CardMaxFromString Valor="n"/>
<TipoAtributo Valor=""/>
</Atributo>
<Ligacao ID="194">
<DisablePainted Valor="false"/>
<Tag LinhaMestre="-1"/>
<Dashed Valor="false"/>
<Ancorado Valor="false"/>
<TemSetaPontaA Valor="false"/>
<TemSetaPontaB Valor="false"/>
<SetaAberta Valor="true"/>
<SetaLargura Valor="10"/>
<Inteligente Valor="true"/>
<Largura Valor="1"/>
<Ligacoes PontaA="193" PontaB="7"/>
<Pontos>
<Ponto Left="1529" Top="655"/>
<Ponto Left="1500" Top="655"/>
<Ponto Left="1500" Top="655"/>
<Ponto Left="1470" Top="655"/>
</Pontos>
</Ligacao>
<Atributo ID="195">
<Bounds Height="14" Left="1533" Top="629" Width="34"/>
<DisablePainted Valor="false"/>
<Texto>Id</Texto>
<Observacao/>
<Dicionario/>
<Fonte Estilo="1" Nome="Arial" Tamanho="12"/>
<Ancorado Valor="false"/>
<DirecaoFromInspector Valor="0"/>
<Autosize Valor="true"/>
<Identificador Valor="true"/>
<Opcional Valor="false"/>
<Multivalorado Valor="false"/>
<CardMinFromString Valor="1"/>
<CardMaxFromString Valor="n"/>
<TipoAtributo Valor=""/>
</Atributo>
<Ligacao ID="196">
<DisablePainted Valor="false"/>
<Tag LinhaMestre="-1"/>
<Dashed Valor="false"/>
<Ancorado Valor="false"/>
<TemSetaPontaA Valor="false"/>
<TemSetaPontaB Valor="false"/>
<SetaAberta Valor="true"/>
<SetaLargura Valor="10"/>
<Inteligente Valor="true"/>
<Largura Valor="1"/>
<Ligacoes PontaA="195" PontaB="7"/>
<Pontos>
<Ponto Left="1529" Top="633"/>
<Ponto Left="1500" Top="633"/>
<Ponto Left="1500" Top="633"/>
<Ponto Left="1470" Top="633"/>
</Pontos>
</Ligacao>
<Atributo ID="197">
<Bounds Height="14" Left="449" Top="237" Width="34"/>
<DisablePainted Valor="false"/>
<Texto>Id</Texto>
<Observacao/>
<Dicionario/>
<Fonte Estilo="1" Nome="Arial" Tamanho="12"/>
<Ancorado Valor="false"/>
<DirecaoFromInspector Valor="0"/>
<Autosize Valor="true"/>
<Identificador Valor="true"/>
<Opcional Valor="false"/>
<Multivalorado Valor="false"/>
<CardMinFromString Valor="1"/>
<CardMaxFromString Valor="n"/>
<TipoAtributo Valor=""/>
</Atributo>
<Ligacao ID="198">
<DisablePainted Valor="false"/>
<Tag LinhaMestre="-1"/>
<Dashed Valor="false"/>
<Ancorado Valor="false"/>
<TemSetaPontaA Valor="false"/>
<TemSetaPontaB Valor="false"/>
<SetaAberta Valor="true"/>
<SetaLargura Valor="10"/>
<Inteligente Valor="true"/>
<Largura Valor="1"/>
<Ligacoes PontaA="197" PontaB="22"/>
<Pontos>
<Ponto Left="445" Top="241"/>
<Ponto Left="435" Top="241"/>
<Ponto Left="435" Top="231"/>
<Ponto Left="415" Top="231"/>
<Ponto Left="415" Top="240"/>
</Pontos>
</Ligacao>
<Atributo ID="199">
<Bounds Height="14" Left="450" Top="257" Width="54"/>
<DisablePainted Valor="false"/>
<Texto>Nome</Texto>
<Observacao/>
<Dicionario/>
<Fonte Estilo="1" Nome="Arial" Tamanho="12"/>
<Ancorado Valor="false"/>
<DirecaoFromInspector Valor="0"/>
<Autosize Valor="true"/>
<Identificador Valor="false"/>
<Opcional Valor="false"/>
<Multivalorado Valor="false"/>
<CardMinFromString Valor="1"/>
<CardMaxFromString Valor="n"/>
<TipoAtributo Valor=""/>
</Atributo>
<Ligacao ID="200">
<DisablePainted Valor="false"/>
<Tag LinhaMestre="-1"/>
<Dashed Valor="false"/>
<Ancorado Valor="false"/>
<TemSetaPontaA Valor="false"/>
<TemSetaPontaB Valor="false"/>
<SetaAberta Valor="true"/>
<SetaLargura Valor="10"/>
<Inteligente Valor="true"/>
<Largura Valor="1"/>
<Ligacoes PontaA="199" PontaB="22"/>
<Pontos>
<Ponto Left="446" Top="261"/>
<Ponto Left="436" Top="261"/>
<Ponto Left="436" Top="261"/>
<Ponto Left="425" Top="261"/>
</Pontos>
</Ligacao>
<Atributo ID="202">
<Bounds Height="14" Left="1506" Top="824" Width="34"/>
<DisablePainted Valor="false"/>
<Texto>Id</Texto>
<Observacao/>
<Dicionario/>
<Fonte Estilo="1" Nome="Arial" Tamanho="12"/>
<Ancorado Valor="false"/>
<DirecaoFromInspector Valor="0"/>
<Autosize Valor="true"/>
<Identificador Valor="true"/>
<Opcional Valor="false"/>
<Multivalorado Valor="false"/>
<CardMinFromString Valor="1"/>
<CardMaxFromString Valor="n"/>
<TipoAtributo Valor=""/>
</Atributo>
<Ligacao ID="203">
<DisablePainted Valor="false"/>
<Tag LinhaMestre="-1"/>
<Dashed Valor="false"/>
<Ancorado Valor="false"/>
<TemSetaPontaA Valor="false"/>
<TemSetaPontaB Valor="false"/>
<SetaAberta Valor="true"/>
<SetaLargura Valor="10"/>
<Inteligente Valor="true"/>
<Largura Valor="1"/>
<Ligacoes PontaA="202" PontaB="2"/>
<Pontos>
<Ponto Left="1502" Top="828"/>
<Ponto Left="1486" Top="828"/>
<Ponto Left="1486" Top="839"/>
<Ponto Left="1469" Top="839"/>
</Pontos>
</Ligacao>
<Atributo ID="204">
<Bounds Height="14" Left="1505" Top="845" Width="44"/>
<DisablePainted Valor="false"/>
<Texto>Rua</Texto>
<Observacao/>
<Dicionario/>
<Fonte Estilo="1" Nome="Arial" Tamanho="12"/>
<Ancorado Valor="false"/>
<DirecaoFromInspector Valor="0"/>
<Autosize Valor="true"/>
<Identificador Valor="false"/>
<Opcional Valor="false"/>
<Multivalorado Valor="false"/>
<CardMinFromString Valor="1"/>
<CardMaxFromString Valor="n"/>
<TipoAtributo Valor=""/>
</Atributo>
<Ligacao ID="205">
<DisablePainted Valor="false"/>
<Tag LinhaMestre="-1"/>
<Dashed Valor="false"/>
<Ancorado Valor="false"/>
<TemSetaPontaA Valor="false"/>
<TemSetaPontaB Valor="false"/>
<SetaAberta Valor="true"/>
<SetaLargura Valor="10"/>
<Inteligente Valor="true"/>
<Largura Valor="1"/>
<Ligacoes PontaA="204" PontaB="2"/>
<Pontos>
<Ponto Left="1501" Top="849"/>
<Ponto Left="1485" Top="849"/>
<Ponto Left="1485" Top="850"/>
<Ponto Left="1469" Top="850"/>
</Pontos>
</Ligacao>
<Atributo ID="206">
<Bounds Height="14" Left="1506" Top="865" Width="66"/>
<DisablePainted Valor="false"/>
<Texto>Numero</Texto>
<Observacao/>
<Dicionario/>
<Fonte Estilo="1" Nome="Arial" Tamanho="12"/>
<Ancorado Valor="false"/>
<DirecaoFromInspector Valor="0"/>
<Autosize Valor="true"/>
<Identificador Valor="false"/>
<Opcional Valor="false"/>
<Multivalorado Valor="false"/>
<CardMinFromString Valor="1"/>
<CardMaxFromString Valor="n"/>
<TipoAtributo Valor=""/>
</Atributo>
<Ligacao ID="207">
<DisablePainted Valor="false"/>
<Tag LinhaMestre="-1"/>
<Dashed Valor="false"/>
<Ancorado Valor="false"/>
<TemSetaPontaA Valor="false"/>
<TemSetaPontaB Valor="false"/>
<SetaAberta Valor="true"/>
<SetaLargura Valor="10"/>
<Inteligente Valor="true"/>
<Largura Valor="1"/>
<Ligacoes PontaA="206" PontaB="2"/>
<Pontos>
<Ponto Left="1502" Top="869"/>
<Ponto Left="1486" Top="869"/>
<Ponto Left="1486" Top="861"/>
<Ponto Left="1469" Top="861"/>
</Pontos>
</Ligacao>
<Atributo ID="208">
<Bounds Height="14" Left="1503" Top="888" Width="106"/>
<DisablePainted Valor="false"/>
<Texto>Porto_Maritmo</Texto>
<Observacao/>
<Dicionario/>
<Fonte Estilo="1" Nome="Arial" Tamanho="12"/>
<Ancorado Valor="false"/>
<DirecaoFromInspector Valor="0"/>
<Autosize Valor="true"/>
<Identificador Valor="false"/>
<Opcional Valor="false"/>
<Multivalorado Valor="false"/>
<CardMinFromString Valor="1"/>
<CardMaxFromString Valor="n"/>
<TipoAtributo Valor=""/>
</Atributo>
<Ligacao ID="209">
<DisablePainted Valor="false"/>
<Tag LinhaMestre="-1"/>
<Dashed Valor="false"/>
<Ancorado Valor="false"/>
<TemSetaPontaA Valor="false"/>
<TemSetaPontaB Valor="false"/>
<SetaAberta Valor="true"/>
<SetaLargura Valor="10"/>
<Inteligente Valor="true"/>
<Largura Valor="1"/>
<Ligacoes PontaA="208" PontaB="2"/>
<Pontos>
<Ponto Left="1499" Top="892"/>
<Ponto Left="1451" Top="892"/>
<Ponto Left="1451" Top="879"/>
</Pontos>
</Ligacao>
<Atributo ID="211">
<Bounds Height="14" Left="1499" Top="910" Width="76"/>
<DisablePainted Valor="false"/>
<Texto>Descricao</Texto>
<Observacao/>
<Dicionario/>
<Fonte Estilo="1" Nome="Arial" Tamanho="12"/>
<Ancorado Valor="false"/>
<DirecaoFromInspector Valor="0"/>
<Autosize Valor="true"/>
<Identificador Valor="false"/>
<Opcional Valor="false"/>
<Multivalorado Valor="false"/>
<CardMinFromString Valor="1"/>
<CardMaxFromString Valor="n"/>
<TipoAtributo Valor=""/>
</Atributo>
<Ligacao ID="212">
<DisablePainted Valor="false"/>
<Tag LinhaMestre="-1"/>
<Dashed Valor="false"/>
<Ancorado Valor="false"/>
<TemSetaPontaA Valor="false"/>
<TemSetaPontaB Valor="false"/>
<SetaAberta Valor="true"/>
<SetaLargura Valor="10"/>
<Inteligente Valor="true"/>
<Largura Valor="1"/>
<Ligacoes PontaA="211" PontaB="2"/>
<Pontos>
<Ponto Left="1495" Top="914"/>
<Ponto Left="1421" Top="914"/>
<Ponto Left="1421" Top="879"/>
</Pontos>
</Ligacao>
<Atributo ID="214">
<Bounds Height="14" Left="842" Top="822" Width="102"/>
<DisablePainted Valor="false"/>
<Texto>Data_Chegada</Texto>
<Observacao/>
<Dicionario/>
<Fonte Estilo="1" Nome="Arial" Tamanho="12"/>
<Ancorado Valor="false"/>
<DirecaoFromInspector Valor="0"/>
<Autosize Valor="true"/>
<Identificador Valor="false"/>
<Opcional Valor="false"/>
<Multivalorado Valor="false"/>
<CardMinFromString Valor="1"/>
<CardMaxFromString Valor="n"/>
<TipoAtributo Valor=""/>
</Atributo>
<Ligacao ID="215">
<DisablePainted Valor="false"/>
<Tag LinhaMestre="-1"/>
<Dashed Valor="false"/>
<Ancorado Valor="false"/>
<TemSetaPontaA Valor="false"/>
<TemSetaPontaB Valor="false"/>
<SetaAberta Valor="true"/>
<SetaLargura Valor="10"/>
<Inteligente Valor="true"/>
<Largura Valor="1"/>
<Ligacoes PontaA="214" PontaB="23"/>
<Pontos>
<Ponto Left="838" Top="826"/>
<Ponto Left="821" Top="826"/>
<Ponto Left="821" Top="582"/>
</Pontos>
</Ligacao>
<Atributo ID="216">
<Bounds Height="14" Left="846" Top="794" Width="84"/>
<DisablePainted Valor="false"/>
<Texto>Data_Saida</Texto>
<Observacao/>
<Dicionario/>
<Fonte Estilo="1" Nome="Arial" Tamanho="12"/>
<Ancorado Valor="false"/>
<DirecaoFromInspector Valor="0"/>
<Autosize Valor="true"/>
<Identificador Valor="false"/>
<Opcional Valor="false"/>
<Multivalorado Valor="false"/>
<CardMinFromString Valor="1"/>
<CardMaxFromString Valor="n"/>
<TipoAtributo Valor=""/>
</Atributo>
<Ligacao ID="217">
<DisablePainted Valor="false"/>
<Tag LinhaMestre="-1"/>
<Dashed Valor="false"/>
<Ancorado Valor="false"/>
<TemSetaPontaA Valor="false"/>
<TemSetaPontaB Valor="false"/>
<SetaAberta Valor="true"/>
<SetaLargura Valor="10"/>
<Inteligente Valor="true"/>
<Largura Valor="1"/>
<Ligacoes PontaA="216" PontaB="23"/>
<Pontos>
<Ponto Left="842" Top="798"/>
<Ponto Left="830" Top="798"/>
<Ponto Left="830" Top="582"/>
</Pontos>
</Ligacao>
<Atributo ID="220">
<Bounds Height="14" Left="854" Top="769" Width="104"/>
<DisablePainted Valor="false"/>
<Texto>Hora_Chegada</Texto>
<Observacao/>
<Dicionario/>
<Fonte Estilo="1" Nome="Arial" Tamanho="12"/>
<Ancorado Valor="false"/>
<DirecaoFromInspector Valor="0"/>
<Autosize Valor="true"/>
<Identificador Valor="false"/>
<Opcional Valor="false"/>
<Multivalorado Valor="false"/>
<CardMinFromString Valor="1"/>
<CardMaxFromString Valor="n"/>
<TipoAtributo Valor=""/>
</Atributo>
<Ligacao ID="221">
<DisablePainted Valor="false"/>
<Tag LinhaMestre="-1"/>
<Dashed Valor="false"/>
<Ancorado Valor="false"/>
<TemSetaPontaA Valor="false"/>
<TemSetaPontaB Valor="false"/>
<SetaAberta Valor="true"/>
<SetaLargura Valor="10"/>
<Inteligente Valor="true"/>
<Largura Valor="1"/>
<Ligacoes PontaA="220" PontaB="23"/>
<Pontos>
<Ponto Left="850" Top="773"/>
<Ponto Left="839" Top="773"/>
<Ponto Left="839" Top="582"/>
</Pontos>
</Ligacao>
<Atributo ID="222">
<Bounds Height="14" Left="860" Top="740" Width="86"/>
<DisablePainted Valor="false"/>
<Texto>Hora_Saida</Texto>
<Observacao/>
<Dicionario/>
<Fonte Estilo="1" Nome="Arial" Tamanho="12"/>
<Ancorado Valor="false"/>
<DirecaoFromInspector Valor="0"/>
<Autosize Valor="true"/>
<Identificador Valor="false"/>
<Opcional Valor="false"/>
<Multivalorado Valor="false"/>
<CardMinFromString Valor="1"/>
<CardMaxFromString Valor="n"/>
<TipoAtributo Valor=""/>
</Atributo>
<Ligacao ID="223">
<DisablePainted Valor="false"/>
<Tag LinhaMestre="-1"/>
<Dashed Valor="false"/>
<Ancorado Valor="false"/>
<TemSetaPontaA Valor="false"/>
<TemSetaPontaB Valor="false"/>
<SetaAberta Valor="true"/>
<SetaLargura Valor="10"/>
<Inteligente Valor="true"/>
<Largura Valor="1"/>
<Ligacoes PontaA="222" PontaB="23"/>
<Pontos>
<Ponto Left="856" Top="744"/>
<Ponto Left="845" Top="744"/>
<Ponto Left="845" Top="582"/>
</Pontos>
</Ligacao>
<Atributo ID="230">
<Bounds Height="14" Left="876" Top="716" Width="34"/>
<DisablePainted Valor="false"/>
<Texto>Id</Texto>
<Observacao/>
<Dicionario/>
<Fonte Estilo="1" Nome="Arial" Tamanho="12"/>
<Ancorado Valor="false"/>
<DirecaoFromInspector Valor="0"/>
<Autosize Valor="true"/>
<Identificador Valor="true"/>
<Opcional Valor="false"/>
<Multivalorado Valor="false"/>
<CardMinFromString Valor="1"/>
<CardMaxFromString Valor="n"/>
<TipoAtributo Valor=""/>
</Atributo>
<Ligacao ID="231">
<DisablePainted Valor="false"/>
<Tag LinhaMestre="-1"/>
<Dashed Valor="false"/>
<Ancorado Valor="false"/>
<TemSetaPontaA Valor="false"/>
<TemSetaPontaB Valor="false"/>
<SetaAberta Valor="true"/>
<SetaLargura Valor="10"/>
<Inteligente Valor="true"/>
<Largura Valor="1"/>
<Ligacoes PontaA="230" PontaB="23"/>
<Pontos>
<Ponto Left="872" Top="720"/>
<Ponto Left="859" Top="720"/>
<Ponto Left="859" Top="582"/>
</Pontos>
</Ligacao>
<Atributo ID="233">
<Bounds Height="14" Left="478" Top="631" Width="34"/>
<DisablePainted Valor="false"/>
<Texto>Id</Texto>
<Observacao/>
<Dicionario/>
<Fonte Estilo="1" Nome="Arial" Tamanho="12"/>
<Ancorado Valor="false"/>
<DirecaoFromInspector Valor="0"/>
<Autosize Valor="true"/>
<Identificador Valor="true"/>
<Opcional Valor="false"/>
<Multivalorado Valor="false"/>
<CardMinFromString Valor="1"/>
<CardMaxFromString Valor="n"/>
<TipoAtributo Valor=""/>
</Atributo>
<Ligacao ID="234">
<DisablePainted Valor="false"/>
<Tag LinhaMestre="-1"/>
<Dashed Valor="false"/>
<Ancorado Valor="false"/>
<TemSetaPontaA Valor="false"/>
<TemSetaPontaB Valor="false"/>
<SetaAberta Valor="true"/>
<SetaLargura Valor="10"/>
<Inteligente Valor="true"/>
<Largura Valor="1"/>
<Ligacoes PontaA="233" PontaB="18"/>
<Pontos>
<Ponto Left="474" Top="635"/>
<Ponto Left="445" Top="635"/>
<Ponto Left="445" Top="635"/>
<Ponto Left="415" Top="635"/>
</Pontos>
</Ligacao>
<Atributo ID="235">
<Bounds Height="14" Left="478" Top="655" Width="58"/>
<DisablePainted Valor="false"/>
<Texto>Status</Texto>
<Observacao/>
<Dicionario/>
<Fonte Estilo="1" Nome="Arial" Tamanho="12"/>
<Ancorado Valor="false"/>
<DirecaoFromInspector Valor="0"/>
<Autosize Valor="true"/>
<Identificador Valor="false"/>
<Opcional Valor="false"/>
<Multivalorado Valor="false"/>
<CardMinFromString Valor="1"/>
<CardMaxFromString Valor="n"/>
<TipoAtributo Valor=""/>
</Atributo>
<Ligacao ID="236">
<DisablePainted Valor="false"/>
<Tag LinhaMestre="-1"/>
<Dashed Valor="false"/>
<Ancorado Valor="false"/>
<TemSetaPontaA Valor="false"/>
<TemSetaPontaB Valor="false"/>
<SetaAberta Valor="true"/>
<SetaLargura Valor="10"/>
<Inteligente Valor="true"/>
<Largura Valor="1"/>
<Ligacoes PontaA="235" PontaB="18"/>
<Pontos>
<Ponto Left="474" Top="659"/>
<Ponto Left="445" Top="659"/>
<Ponto Left="445" Top="651"/>
<Ponto Left="415" Top="651"/>
</Pontos>
</Ligacao>
<Entidade ID="242">
<Bounds Height="58" Left="299" Top="1002" Width="120"/>
<DisablePainted Valor="false"/>
<Texto>Tipo_Madeira</Texto>
<Observacao/>
<Dicionario/>
<Fonte Estilo="1" Nome="Arial" Tamanho="12"/>
<Ancorado Valor="false"/>
<AtributosOcultos Valor=""/>
</Entidade>
<Ligacao ID="243">
<DisablePainted Valor="false"/>
<Tag LinhaMestre="-1"/>
<Dashed Valor="false"/>
<Ancorado Valor="false"/>
<TemSetaPontaA Valor="false"/>
<TemSetaPontaB Valor="false"/>
<SetaAberta Valor="true"/>
<SetaLargura Valor="10"/>
<Inteligente Valor="true"/>
<Largura Valor="1"/>
<Ligacoes PontaA="244" PontaB="242"/>
<Pontos>
<Ponto Left="355" Top="962"/>
<Ponto Left="355" Top="980"/>
<Ponto Left="355" Top="980"/>
<Ponto Left="355" Top="998"/>
</Pontos>
<Cardinalidade ID="245">
<Bounds Height="15" Left="321" Top="979" Width="34"/>
<DisablePainted Valor="false"/>
<Texto>Cardinalidade_23</Texto>
<Observacao/>
<Dicionario/>
<Fonte Estilo="1" Nome="Arial" Tamanho="12"/>
<Ancorado Valor="false"/>
<TamanhoAutmatico Valor="true"/>
<Card Valor="0"/>
<MovimentacaoManual Valor="false"/>
<Papel Valor=""/>
</Cardinalidade>
</Ligacao>
<Relacionamento ID="244">
<Bounds Height="50" Left="283" Top="915" Width="150"/>
<DisablePainted Valor="false"/>
<Texto>Relacionamento_6</Texto>
<Observacao/>
<Dicionario/>
<Fonte Estilo="1" Nome="Arial" Tamanho="12"/>
<Ancorado Valor="false"/>
</Relacionamento>
<Ligacao ID="246">
<DisablePainted Valor="false"/>
<Tag LinhaMestre="-1"/>
<Dashed Valor="false"/>
<Ancorado Valor="false"/>
<TemSetaPontaA Valor="false"/>
<TemSetaPontaB Valor="false"/>
<SetaAberta Valor="true"/>
<SetaLargura Valor="10"/>
<Inteligente Valor="true"/>
<Largura Valor="1"/>
<Ligacoes PontaA="20" PontaB="244"/>
<Pontos>
<Ponto Left="353" Top="876"/>
<Ponto Left="353" Top="894"/>
<Ponto Left="355" Top="894"/>
<Ponto Left="355" Top="912"/>
</Pontos>
<Cardinalidade ID="247">
<Bounds Height="15" Left="319" Top="886" Width="36"/>
<DisablePainted Valor="false"/>
<Texto>Cardinalidade_24</Texto>
<Observacao/>
<Dicionario/>
<Fonte Estilo="1" Nome="Arial" Tamanho="12"/>
<Ancorado Valor="false"/>
<TamanhoAutmatico Valor="true"/>
<Card Valor="3"/>
<MovimentacaoManual Valor="false"/>
<Papel Valor=""/>
</Cardinalidade>
</Ligacao>
<Atributo ID="248">
<Bounds Height="14" Left="479" Top="1015" Width="34"/>
<DisablePainted Valor="false"/>
<Texto>Id</Texto>
<Observacao/>
<Dicionario/>
<Fonte Estilo="1" Nome="Arial" Tamanho="12"/>
<Ancorado Valor="false"/>
<DirecaoFromInspector Valor="0"/>
<Autosize Valor="true"/>
<Identificador Valor="true"/>
<Opcional Valor="false"/>
<Multivalorado Valor="false"/>
<CardMinFromString Valor="1"/>
<CardMaxFromString Valor="n"/>
<TipoAtributo Valor=""/>
</Atributo>
<Ligacao ID="249">
<DisablePainted Valor="false"/>
<Tag LinhaMestre="-1"/>
<Dashed Valor="false"/>
<Ancorado Valor="false"/>
<TemSetaPontaA Valor="false"/>
<TemSetaPontaB Valor="false"/>
<SetaAberta Valor="true"/>
<SetaLargura Valor="10"/>
<Inteligente Valor="true"/>
<Largura Valor="1"/>
<Ligacoes PontaA="248" PontaB="242"/>
<Pontos>
<Ponto Left="475" Top="1019"/>
<Ponto Left="446" Top="1019"/>
<Ponto Left="446" Top="1019"/>
<Ponto Left="416" Top="1019"/>
</Pontos>
</Ligacao>
<Atributo ID="250">
<Bounds Height="14" Left="479" Top="1034" Width="54"/>
<DisablePainted Valor="false"/>
<Texto>Nome</Texto>
<Observacao/>
<Dicionario/>
<Fonte Estilo="1" Nome="Arial" Tamanho="12"/>
<Ancorado Valor="false"/>
<DirecaoFromInspector Valor="0"/>
<Autosize Valor="true"/>
<Identificador Valor="false"/>
<Opcional Valor="false"/>
<Multivalorado Valor="false"/>
<CardMinFromString Valor="1"/>
<CardMaxFromString Valor="n"/>
<TipoAtributo Valor=""/>
</Atributo>
<Ligacao ID="251">
<DisablePainted Valor="false"/>
<Tag LinhaMestre="-1"/>
<Dashed Valor="false"/>
<Ancorado Valor="false"/>
<TemSetaPontaA Valor="false"/>
<TemSetaPontaB Valor="false"/>
<SetaAberta Valor="true"/>
<SetaLargura Valor="10"/>
<Inteligente Valor="true"/>
<Largura Valor="1"/>
<Ligacoes PontaA="250" PontaB="242"/>
<Pontos>
<Ponto Left="475" Top="1038"/>
<Ponto Left="446" Top="1038"/>
<Ponto Left="446" Top="1038"/>
<Ponto Left="416" Top="1038"/>
</Pontos>
</Ligacao>
<Atributo ID="252">
<Bounds Height="14" Left="478" Top="831" Width="34"/>
<DisablePainted Valor="false"/>
<Texto>Id</Texto>
<Observacao/>
<Dicionario/>
<Fonte Estilo="1" Nome="Arial" Tamanho="12"/>
<Ancorado Valor="false"/>
<DirecaoFromInspector Valor="0"/>
<Autosize Valor="true"/>
<Identificador Valor="true"/>
<Opcional Valor="false"/>
<Multivalorado Valor="false"/>
<CardMinFromString Valor="1"/>
<CardMaxFromString Valor="n"/>
<TipoAtributo Valor=""/>
</Atributo>
<Ligacao ID="253">
<DisablePainted Valor="false"/>
<Tag LinhaMestre="-1"/>
<Dashed Valor="false"/>
<Ancorado Valor="false"/>
<TemSetaPontaA Valor="false"/>
<TemSetaPontaB Valor="false"/>
<SetaAberta Valor="true"/>
<SetaLargura Valor="10"/>
<Inteligente Valor="true"/>
<Largura Valor="1"/>
<Ligacoes PontaA="252" PontaB="20"/>
<Pontos>
<Ponto Left="474" Top="835"/>
<Ponto Left="445" Top="835"/>
<Ponto Left="445" Top="835"/>
<Ponto Left="415" Top="835"/>
</Pontos>
</Ligacao>
<Atributo ID="254">
<Bounds Height="14" Left="478" Top="851" Width="50"/>
<DisablePainted Valor="false"/>
<Texto>Peso</Texto>
<Observacao/>
<Dicionario/>
<Fonte Estilo="1" Nome="Arial" Tamanho="12"/>
<Ancorado Valor="false"/>
<DirecaoFromInspector Valor="0"/>
<Autosize Valor="true"/>
<Identificador Valor="false"/>
<Opcional Valor="false"/>
<Multivalorado Valor="false"/>
<CardMinFromString Valor="1"/>
<CardMaxFromString Valor="n"/>
<TipoAtributo Valor=""/>
</Atributo>
<Ligacao ID="255">
<DisablePainted Valor="false"/>
<Tag LinhaMestre="-1"/>
<Dashed Valor="false"/>
<Ancorado Valor="false"/>
<TemSetaPontaA Valor="false"/>
<TemSetaPontaB Valor="false"/>
<SetaAberta Valor="true"/>
<SetaLargura Valor="10"/>
<Inteligente Valor="true"/>
<Largura Valor="1"/>
<Ligacoes PontaA="254" PontaB="20"/>
<Pontos>
<Ponto Left="474" Top="855"/>
<Ponto Left="445" Top="855"/>
<Ponto Left="445" Top="855"/>
<Ponto Left="415" Top="855"/>
</Pontos>
</Ligacao>
<Atributo ID="259">
<Bounds Height="14" Left="953" Top="168" Width="84"/>
<DisablePainted Valor="false"/>
<Texto>Identidade</Texto>
<Observacao/>
<Dicionario/>
<Fonte Estilo="1" Nome="Arial" Tamanho="12"/>
<Ancorado Valor="false"/>
<DirecaoFromInspector Valor="0"/>
<Autosize Valor="true"/>
<Identificador Valor="true"/>
<Opcional Valor="false"/>
<Multivalorado Valor="false"/>
<CardMinFromString Valor="1"/>
<CardMaxFromString Valor="n"/>
<TipoAtributo Valor=""/>
</Atributo>
<Ligacao ID="260">
<DisablePainted Valor="false"/>
<Tag LinhaMestre="-1"/>
<Dashed Valor="false"/>
<Ancorado Valor="false"/>
<TemSetaPontaA Valor="false"/>
<TemSetaPontaB Valor="false"/>
<SetaAberta Valor="true"/>
<SetaLargura Valor="10"/>
<Inteligente Valor="true"/>
<Largura Valor="1"/>
<Ligacoes PontaA="259" PontaB="12"/>
<Pontos>
<Ponto Left="949" Top="172"/>
<Ponto Left="937" Top="172"/>
<Ponto Left="937" Top="158"/>
<Ponto Left="910" Top="158"/>
<Ponto Left="910" Top="167"/>
</Pontos>
</Ligacao>
<Atributo ID="261">
<Bounds Height="14" Left="953" Top="190" Width="54"/>
<DisablePainted Valor="false"/>
<Texto>Nome</Texto>
<Observacao/>
<Dicionario/>
<Fonte Estilo="1" Nome="Arial" Tamanho="12"/>
<Ancorado Valor="false"/>
<DirecaoFromInspector Valor="0"/>
<Autosize Valor="true"/>
<Identificador Valor="false"/>
<Opcional Valor="false"/>
<Multivalorado Valor="false"/>
<CardMinFromString Valor="1"/>
<CardMaxFromString Valor="n"/>
<TipoAtributo Valor=""/>
</Atributo>
<Ligacao ID="262">
<DisablePainted Valor="false"/>
<Tag LinhaMestre="-1"/>
<Dashed Valor="false"/>
<Ancorado Valor="false"/>
<TemSetaPontaA Valor="false"/>
<TemSetaPontaB Valor="false"/>
<SetaAberta Valor="true"/>
<SetaLargura Valor="10"/>
<Inteligente Valor="true"/>
<Largura Valor="1"/>
<Ligacoes PontaA="261" PontaB="12"/>
<Pontos>
<Ponto Left="949" Top="194"/>
<Ponto Left="937" Top="194"/>
<Ponto Left="937" Top="193"/>
<Ponto Left="924" Top="193"/>
</Pontos>
</Ligacao>
<Atributo ID="263">
<Bounds Height="14" Left="951" Top="210" Width="72"/>
<DisablePainted Valor="false"/>
<Texto>Telefone</Texto>
<Observacao/>
<Dicionario/>
<Fonte Estilo="1" Nome="Arial" Tamanho="12"/>
<Ancorado Valor="false"/>
<DirecaoFromInspector Valor="0"/>
<Autosize Valor="true"/>
<Identificador Valor="false"/>
<Opcional Valor="false"/>
<Multivalorado Valor="false"/>
<CardMinFromString Valor="1"/>
<CardMaxFromString Valor="n"/>
<TipoAtributo Valor=""/>
</Atributo>
<Ligacao ID="264">
<DisablePainted Valor="false"/>
<Tag LinhaMestre="-1"/>
<Dashed Valor="false"/>
<Ancorado Valor="false"/>
<TemSetaPontaA Valor="false"/>
<TemSetaPontaB Valor="false"/>
<SetaAberta Valor="true"/>
<SetaLargura Valor="10"/>
<Inteligente Valor="true"/>
<Largura Valor="1"/>
<Ligacoes PontaA="263" PontaB="12"/>
<Pontos>
<Ponto Left="947" Top="214"/>
<Ponto Left="936" Top="214"/>
<Ponto Left="936" Top="210"/>
<Ponto Left="924" Top="210"/>
</Pontos>
</Ligacao>
<Atributo ID="266">
<Bounds Height="14" Left="524" Top="343" Width="76"/>
<DisablePainted Valor="false"/>
<Texto>Categoria</Texto>
<Observacao/>
<Dicionario/>
<Fonte Estilo="1" Nome="Arial" Tamanho="12"/>
<Ancorado Valor="false"/>
<DirecaoFromInspector Valor="1"/>
<Autosize Valor="true"/>
<Identificador Valor="false"/>
<Opcional Valor="false"/>
<Multivalorado Valor="false"/>
<CardMinFromString Valor="1"/>
<CardMaxFromString Valor="n"/>
<TipoAtributo Valor=""/>
</Atributo>
<Ligacao ID="267">
<DisablePainted Valor="false"/>
<Tag LinhaMestre="-1"/>
<Dashed Valor="false"/>
<Ancorado Valor="false"/>
<TemSetaPontaA Valor="false"/>
<TemSetaPontaB Valor="false"/>
<SetaAberta Valor="true"/>
<SetaLargura Valor="10"/>
<Inteligente Valor="true"/>
<Largura Valor="1"/>
<Ligacoes PontaA="13" PontaB="266"/>
<Pontos>
<Ponto Left="652" Top="347"/>
<Ponto Left="625" Top="347"/>
<Ponto Left="625" Top="347"/>
<Ponto Left="598" Top="347"/>
</Pontos>
</Ligacao>
<Atributo ID="268">
<Bounds Height="14" Left="508" Top="364" Width="118"/>
<DisablePainted Valor="false"/>
<Texto>Num_Habilitacao</Texto>
<Observacao/>
<Dicionario/>
<Fonte Estilo="1" Nome="Arial" Tamanho="12"/>
<Ancorado Valor="false"/>
<DirecaoFromInspector Valor="1"/>
<Autosize Valor="true"/>
<Identificador Valor="false"/>
<Opcional Valor="false"/>
<Multivalorado Valor="false"/>
<CardMinFromString Valor="1"/>
<CardMaxFromString Valor="n"/>
<TipoAtributo Valor=""/>
</Atributo>
<Ligacao ID="269">
<DisablePainted Valor="false"/>
<Tag LinhaMestre="-1"/>
<Dashed Valor="false"/>
<Ancorado Valor="false"/>
<TemSetaPontaA Valor="false"/>
<TemSetaPontaB Valor="false"/>
<SetaAberta Valor="true"/>
<SetaLargura Valor="10"/>
<Inteligente Valor="true"/>
<Largura Valor="1"/>
<Ligacoes PontaA="13" PontaB="268"/>
<Pontos>
<Ponto Left="652" Top="369"/>
<Ponto Left="638" Top="369"/>
<Ponto Left="638" Top="368"/>
<Ponto Left="624" Top="368"/>
</Pontos>
</Ligacao>
<Atributo ID="272">
<Bounds Height="14" Left="948" Top="254" Width="128"/>
<DisablePainted Valor="false"/>
<Texto>Tipo_Funcionario</Texto>
<Observacao/>
<Dicionario/>
<Fonte Estilo="1" Nome="Arial" Tamanho="12"/>
<Ancorado Valor="false"/>
<DirecaoFromInspector Valor="0"/>
<Autosize Valor="true"/>
<Identificador Valor="false"/>
<Opcional Valor="false"/>
<Multivalorado Valor="false"/>
<CardMinFromString Valor="1"/>
<CardMaxFromString Valor="n"/>
<TipoAtributo Valor=""/>
</Atributo>
<Ligacao ID="273">
<DisablePainted Valor="false"/>
<Tag LinhaMestre="-1"/>
<Dashed Valor="false"/>
<Ancorado Valor="false"/>
<TemSetaPontaA Valor="false"/>
<TemSetaPontaB Valor="false"/>
<SetaAberta Valor="true"/>
<SetaLargura Valor="10"/>
<Inteligente Valor="true"/>
<Largura Valor="1"/>
<Ligacoes PontaA="272" PontaB="12"/>
<Pontos>
<Ponto Left="944" Top="258"/>
<Ponto Left="914" Top="258"/>
<Ponto Left="914" Top="226"/>
</Pontos>
</Ligacao>
<Atributo ID="275">
<Bounds Height="14" Left="1136" Top="354" Width="70"/>
<DisablePainted Valor="false"/>
<Texto>Registro</Texto>
<Observacao/>
<Dicionario/>
<Fonte Estilo="1" Nome="Arial" Tamanho="12"/>
<Ancorado Valor="false"/>
<DirecaoFromInspector Valor="0"/>
<Autosize Valor="true"/>
<Identificador Valor="false"/>
<Opcional Valor="false"/>
<Multivalorado Valor="false"/>
<CardMinFromString Valor="1"/>
<CardMaxFromString Valor="n"/>
<TipoAtributo Valor=""/>
</Atributo>
<Ligacao ID="276">
<DisablePainted Valor="false"/>
<Tag LinhaMestre="-1"/>
<Dashed Valor="false"/>
<Ancorado Valor="false"/>
<TemSetaPontaA Valor="false"/>
<TemSetaPontaB Valor="false"/>
<SetaAberta Valor="true"/>
<SetaLargura Valor="10"/>
<Inteligente Valor="true"/>
<Largura Valor="1"/>
<Ligacoes PontaA="275" PontaB="14"/>
<Pontos>
<Ponto Left="1132" Top="358"/>
<Ponto Left="1103" Top="358"/>
<Ponto Left="1103" Top="358"/>
<Ponto Left="1073" Top="358"/>
</Pontos>
</Ligacao>
<Atributo ID="278">
<Bounds Height="14" Left="951" Top="231" Width="54"/>
<DisablePainted Valor="false"/>
<Texto>Idade</Texto>
<Observacao/>
<Dicionario/>
<Fonte Estilo="1" Nome="Arial" Tamanho="12"/>
<Ancorado Valor="false"/>
<DirecaoFromInspector Valor="0"/>
<Autosize Valor="true"/>
<Identificador Valor="false"/>
<Opcional Valor="false"/>
<Multivalorado Valor="false"/>
<CardMinFromString Valor="1"/>
<CardMaxFromString Valor="n"/>
<TipoAtributo Valor=""/>
</Atributo>
<Ligacao ID="279">
<DisablePainted Valor="false"/>
<Tag LinhaMestre="-1"/>
<Dashed Valor="false"/>
<Ancorado Valor="false"/>
<TemSetaPontaA Valor="false"/>
<TemSetaPontaB Valor="false"/>
<SetaAberta Valor="true"/>
<SetaLargura Valor="10"/>
<Inteligente Valor="true"/>
<Largura Valor="1"/>
<Ligacoes PontaA="278" PontaB="12"/>
<Pontos>
<Ponto Left="947" Top="235"/>
<Ponto Left="936" Top="235"/>
<Ponto Left="936" Top="221"/>
<Ponto Left="924" Top="221"/>
</Pontos>
</Ligacao>
<Atributo ID="282">
<Bounds Height="14" Left="458" Top="432" Width="34"/>
<DisablePainted Valor="false"/>
<Texto>Id</Texto>
<Observacao/>
<Dicionario/>
<Fonte Estilo="1" Nome="Arial" Tamanho="12"/>
<Ancorado Valor="false"/>
<DirecaoFromInspector Valor="0"/>
<Autosize Valor="true"/>
<Identificador Valor="true"/>
<Opcional Valor="false"/>
<Multivalorado Valor="false"/>
<CardMinFromString Valor="1"/>
<CardMaxFromString Valor="n"/>
<TipoAtributo Valor=""/>
</Atributo>
<Ligacao ID="283">
<DisablePainted Valor="false"/>
<Tag LinhaMestre="-1"/>
<Dashed Valor="false"/>
<Ancorado Valor="false"/>
<TemSetaPontaA Valor="false"/>
<TemSetaPontaB Valor="false"/>
<SetaAberta Valor="true"/>
<SetaLargura Valor="10"/>
<Inteligente Valor="true"/>
<Largura Valor="1"/>
<Ligacoes PontaA="282" PontaB="16"/>
<Pontos>
<Ponto Left="454" Top="436"/>
<Ponto Left="440" Top="436"/>
<Ponto Left="440" Top="453"/>
<Ponto Left="426" Top="453"/>
</Pontos>
</Ligacao>
<Atributo ID="284">
<Bounds Height="14" Left="457" Top="454" Width="52"/>
<DisablePainted Valor="false"/>
<Texto>Placa</Texto>
<Observacao/>
<Dicionario/>
<Fonte Estilo="1" Nome="Arial" Tamanho="12"/>
<Ancorado Valor="false"/>
<DirecaoFromInspector Valor="0"/>
<Autosize Valor="true"/>
<Identificador Valor="false"/>
<Opcional Valor="false"/>
<Multivalorado Valor="false"/>
<CardMinFromString Valor="1"/>
<CardMaxFromString Valor="n"/>
<TipoAtributo Valor=""/>
</Atributo>
<Ligacao ID="285">
<DisablePainted Valor="false"/>
<Tag LinhaMestre="-1"/>
<Dashed Valor="false"/>
<Ancorado Valor="false"/>
<TemSetaPontaA Valor="false"/>
<TemSetaPontaB Valor="false"/>
<SetaAberta Valor="true"/>
<SetaLargura Valor="10"/>
<Inteligente Valor="true"/>
<Largura Valor="1"/>
<Ligacoes PontaA="284" PontaB="16"/>
<Pontos>
<Ponto Left="453" Top="458"/>
<Ponto Left="440" Top="458"/>
<Ponto Left="440" Top="466"/>
<Ponto Left="426" Top="466"/>
</Pontos>
</Ligacao>
<Atributo ID="286">
<Bounds Height="14" Left="458" Top="474" Width="126"/>
<DisablePainted Valor="false"/>
<Texto>Capacidade_Carga</Texto>
<Observacao/>
<Dicionario/>
<Fonte Estilo="1" Nome="Arial" Tamanho="12"/>
<Ancorado Valor="false"/>
<DirecaoFromInspector Valor="0"/>
<Autosize Valor="true"/>
<Identificador Valor="false"/>
<Opcional Valor="false"/>
<Multivalorado Valor="false"/>
<CardMinFromString Valor="1"/>
<CardMaxFromString Valor="n"/>
<TipoAtributo Valor=""/>
</Atributo>
<Ligacao ID="287">
<DisablePainted Valor="false"/>
<Tag LinhaMestre="-1"/>
<Dashed Valor="false"/>
<Ancorado Valor="false"/>
<TemSetaPontaA Valor="false"/>
<TemSetaPontaB Valor="false"/>
<SetaAberta Valor="true"/>
<SetaLargura Valor="10"/>
<Inteligente Valor="true"/>
<Largura Valor="1"/>
<Ligacoes PontaA="286" PontaB="16"/>
<Pontos>
<Ponto Left="454" Top="478"/>
<Ponto Left="440" Top="478"/>
<Ponto Left="440" Top="478"/>
<Ponto Left="426" Top="478"/>
</Pontos>
</Ligacao>
</DIAGRAMA>
